sale_id,customer_id,product_id,sale_date,quantity,amount
1,1,1,2023-01-01 00:00:00,1,100
2,2,2,2023-01-01 01:00:00,2,200
3,3,3,2023-01-01 02:00:00,3,150
4,4,4,2023-01-01 03:00:00,1,300
5,5,5,2023-01-01 04:00:00,2,250
6,6,6,2023-01-01 05:00:00,1,100
7,7,7,2023-01-01 06:00:00,2,200
8,8,8,2023-01-01 07:00:00,3,150
9,9,9,2023-01-01 08:00:00,1,300
10,10,10,2023-01-01 09:00:00,2,250
11,11,11,2023-01-01 10:00:00,1,100
12,12,12,2023-01-01 11:00:00,2,200
13,13,13,2023-01-01 12:00:00,3,150
14,14,14,2023-01-01 13:00:00,1,300
15,15,15,2023-01-01 14:00:00,2,250
16,16,16,2023-01-01 15:00:00,1,100
17,17,17,2023-01-01 16:00:00,2,200
18,18,18,2023-01-01 17:00:00,3,150
19,19,19,2023-01-01 18:00:00,1,300
20,20,20,2023-01-01 19:00:00,2,250
21,21,21,2023-01-01 20:00:00,1,100
22,22,22,2023-01-01 21:00:00,2,200
23,23,23,2023-01-01 22:00:00,3,150
24,24,24,2023-01-01 23:00:00,1,300
25,25,25,2023-01-02 00:00:00,2,250
26,26,26,2023-01-02 01:00:00,1,100
27,27,27,2023-01-02 02:00:00,2,200
28,28,28,2023-01-02 03:00:00,3,150
29,29,29,2023-01-02 04:00:00,1,300
30,30,30,2023-01-02 05:00:00,2,250
31,31,31,2023-01-02 06:00:00,1,100
32,32,32,2023-01-02 07:00:00,2,200
33,33,33,2023-01-02 08:00:00,3,150
34,34,34,2023-01-02 09:00:00,1,300
35,35,35,2023-01-02 10:00:00,2,250
36,36,36,2023-01-02 11:00:00,1,100
37,37,37,2023-01-02 12:00:00,2,200
38,38,38,2023-01-02 13:00:00,3,150
39,39,39,2023-01-02 14:00:00,1,300
40,40,40,2023-01-02 15:00:00,2,250
41,41,41,2023-01-02 16:00:00,1,100
42,42,42,2023-01-02 17:00:00,2,200
43,43,43,2023-01-02 18:00:00,3,150
44,44,44,2023-01-02 19:00:00,1,300
45,45,45,2023-01-02 20:00:00,2,250
46,46,46,2023-01-02 21:00:00,1,100
47,47,47,2023-01-02 22:00:00,2,200
48,48,48,2023-01-02 23:00:00,3,150
49,49,49,2023-01-03 00:00:00,1,300
50,50,50,2023-01-03 01:00:00,2,250
51,51,1,2023-01-03 02:00:00,1,100
52,52,2,2023-01-03 03:00:00,2,200
53,53,3,2023-01-03 04:00:00,3,150
54,54,4,2023-01-03 05:00:00,1,300
55,55,5,2023-01-03 06:00:00,2,250
56,56,6,2023-01-03 07:00:00,1,100
57,57,7,2023-01-03 08:00:00,2,200
58,58,8,2023-01-03 09:00:00,3,150
59,59,9,2023-01-03 10:00:00,1,300
60,60,10,2023-01-03 11:00:00,2,250
61,61,11,2023-01-03 12:00:00,1,100
62,62,12,2023-01-03 13:00:00,2,200
63,63,13,2023-01-03 14:00:00,3,150
64,64,14,2023-01-03 15:00:00,1,300
65,65,15,2023-01-03 16:00:00,2,250
66,66,16,2023-01-03 17:00:00,1,100
67,67,17,2023-01-03 18:00:00,2,200
68,68,18,2023-01-03 19:00:00,3,150
69,69,19,2023-01-03 20:00:00,1,300
70,70,20,2023-01-03 21:00:00,2,250
71,71,21,2023-01-03 22:00:00,1,100
72,72,22,2023-01-03 23:00:00,2,200
73,73,23,2023-01-04 00:00:00,3,150
74,74,24,2023-01-04 01:00:00,1,300
75,75,25,2023-01-04 02:00:00,2,250
76,76,26,2023-01-04 03:00:00,1,100
77,77,27,2023-01-04 04:00:00,2,200
78,78,28,2023-01-04 05:00:00,3,150
79,79,29,2023-01-04 06:00:00,1,300
80,80,30,2023-01-04 07:00:00,2,250
81,81,31,2023-01-04 08:00:00,1,100
82,82,32,2023-01-04 09:00:00,2,200
83,83,33,2023-01-04 10:00:00,3,150
84,84,34,2023-01-04 11:00:00,1,300
85,85,35,2023-01-04 12:00:00,2,250
86,86,36,2023-01-04 13:00:00,1,100
87,87,37,2023-01-04 14:00:00,2,200
88,88,38,2023-01-04 15:00:00,3,150
89,89,39,2023-01-04 16:00:00,1,300
90,90,40,2023-01-04 17:00:00,2,250
91,91,41,2023-01-04 18:00:00,1,100
92,92,42,2023-01-04 19:00:00,2,200
93,93,43,2023-01-04 20:00:00,3,150
94,94,44,2023-01-04 21:00:00,1,300
95,95,45,2023-01-04 22:00:00,2,250
96,96,46,2023-01-04 23:00:00,1,100
97,97,47,2023-01-05 00:00:00,2,200
98,98,48,2023-01-05 01:00:00,3,150
99,99,49,2023-01-05 02:00:00,1,300
100,100,50,2023-01-05 03:00:00,2,250
101,1,1,2023-01-05 04:00:00,1,100
102,2,2,2023-01-05 05:00:00,2,200
103,3,3,2023-01-05 06:00:00,3,150
104,4,4,2023-01-05 07:00:00,1,300
105,5,5,2023-01-05 08:00:00,2,250
106,6,6,2023-01-05 09:00:00,1,100
107,7,7,2023-01-05 10:00:00,2,200
108,8,8,2023-01-05 11:00:00,3,150
109,9,9,2023-01-05 12:00:00,1,300
110,10,10,2023-01-05 13:00:00,2,250
111,11,11,2023-01-05 14:00:00,1,100
112,12,12,2023-01-05 15:00:00,2,200
113,13,13,2023-01-05 16:00:00,3,150
114,14,14,2023-01-05 17:00:00,1,300
115,15,15,2023-01-05 18:00:00,2,250
116,16,16,2023-01-05 19:00:00,1,100
117,17,17,2023-01-05 20:00:00,2,200
118,18,18,2023-01-05 21:00:00,3,150
119,19,19,2023-01-05 22:00:00,1,300
120,20,20,2023-01-05 23:00:00,2,250
121,21,21,2023-01-06 00:00:00,1,100
122,22,22,2023-01-06 01:00:00,2,200
123,23,23,2023-01-06 02:00:00,3,150
124,24,24,2023-01-06 03:00:00,1,300
125,25,25,2023-01-06 04:00:00,2,250
126,26,26,2023-01-06 05:00:00,1,100
127,27,27,2023-01-06 06:00:00,2,200
128,28,28,2023-01-06 07:00:00,3,150
129,29,29,2023-01-06 08:00:00,1,300
130,30,30,2023-01-06 09:00:00,2,250
131,31,31,2023-01-06 10:00:00,1,100
132,32,32,2023-01-06 11:00:00,2,200
133,33,33,2023-01-06 12:00:00,3,150
134,34,34,2023-01-06 13:00:00,1,300
135,35,35,2023-01-06 14:00:00,2,250
136,36,36,2023-01-06 15:00:00,1,100
137,37,37,2023-01-06 16:00:00,2,200
138,38,38,2023-01-06 17:00:00,3,150
139,39,39,2023-01-06 18:00:00,1,300
140,40,40,2023-01-06 19:00:00,2,250
141,41,41,2023-01-06 20:00:00,1,100
142,42,42,2023-01-06 21:00:00,2,200
143,43,43,2023-01-06 22:00:00,3,150
144,44,44,2023-01-06 23:00:00,1,300
145,45,45,2023-01-07 00:00:00,2,250
146,46,46,2023-01-07 01:00:00,1,100
147,47,47,2023-01-07 02:00:00,2,200
148,48,48,2023-01-07 03:00:00,3,150
149,49,49,2023-01-07 04:00:00,1,300
150,50,50,2023-01-07 05:00:00,2,250
151,51,1,2023-01-07 06:00:00,1,100
152,52,2,2023-01-07 07:00:00,2,200
153,53,3,2023-01-07 08:00:00,3,150
154,54,4,2023-01-07 09:00:00,1,300
155,55,5,2023-01-07 10:00:00,2,250
156,56,6,2023-01-07 11:00:00,1,100
157,57,7,2023-01-07 12:00:00,2,200
158,58,8,2023-01-07 13:00:00,3,150
159,59,9,2023-01-07 14:00:00,1,300
160,60,10,2023-01-07 15:00:00,2,250
161,61,11,2023-01-07 16:00:00,1,100
162,62,12,2023-01-07 17:00:00,2,200
163,63,13,2023-01-07 18:00:00,3,150
164,64,14,2023-01-07 19:00:00,1,300
165,65,15,2023-01-07 20:00:00,2,250
166,66,16,2023-01-07 21:00:00,1,100
167,67,17,2023-01-07 22:00:00,2,200
168,68,18,2023-01-07 23:00:00,3,150
169,69,19,2023-01-08 00:00:00,1,300
170,70,20,2023-01-08 01:00:00,2,250
171,71,21,2023-01-08 02:00:00,1,100
172,72,22,2023-01-08 03:00:00,2,200
173,73,23,2023-01-08 04:00:00,3,150
174,74,24,2023-01-08 05:00:00,1,300
175,75,25,2023-01-08 06:00:00,2,250
176,76,26,2023-01-08 07:00:00,1,100
177,77,27,2023-01-08 08:00:00,2,200
178,78,28,2023-01-08 09:00:00,3,150
179,79,29,2023-01-08 10:00:00,1,300
180,80,30,2023-01-08 11:00:00,2,250
181,81,31,2023-01-08 12:00:00,1,100
182,82,32,2023-01-08 13:00:00,2,200
183,83,33,2023-01-08 14:00:00,3,150
184,84,34,2023-01-08 15:00:00,1,300
185,85,35,2023-01-08 16:00:00,2,250
186,86,36,2023-01-08 17:00:00,1,100
187,87,37,2023-01-08 18:00:00,2,200
188,88,38,2023-01-08 19:00:00,3,150
189,89,39,2023-01-08 20:00:00,1,300
190,90,40,2023-01-08 21:00:00,2,250
191,91,41,2023-01-08 22:00:00,1,100
192,92,42,2023-01-08 23:00:00,2,200
193,93,43,2023-01-09 00:00:00,3,150
194,94,44,2023-01-09 01:00:00,1,300
195,95,45,2023-01-09 02:00:00,2,250
196,96,46,2023-01-09 03:00:00,1,100
197,97,47,2023-01-09 04:00:00,2,200
198,98,48,2023-01-09 05:00:00,3,150
199,99,49,2023-01-09 06:00:00,1,300
200,100,50,2023-01-09 07:00:00,2,250
201,1,1,2023-01-09 08:00:00,1,100
202,2,2,2023-01-09 09:00:00,2,200
203,3,3,2023-01-09 10:00:00,3,150
204,4,4,2023-01-09 11:00:00,1,300
205,5,5,2023-01-09 12:00:00,2,250
206,6,6,2023-01-09 13:00:00,1,100
207,7,7,2023-01-09 14:00:00,2,200
208,8,8,2023-01-09 15:00:00,3,150
209,9,9,2023-01-09 16:00:00,1,300
210,10,10,2023-01-09 17:00:00,2,250
211,11,11,2023-01-09 18:00:00,1,100
212,12,12,2023-01-09 19:00:00,2,200
213,13,13,2023-01-09 20:00:00,3,150
214,14,14,2023-01-09 21:00:00,1,300
215,15,15,2023-01-09 22:00:00,2,250
216,16,16,2023-01-09 23:00:00,1,100
217,17,17,2023-01-10 00:00:00,2,200
218,18,18,2023-01-10 01:00:00,3,150
219,19,19,2023-01-10 02:00:00,1,300
220,20,20,2023-01-10 03:00:00,2,250
221,21,21,2023-01-10 04:00:00,1,100
222,22,22,2023-01-10 05:00:00,2,200
223,23,23,2023-01-10 06:00:00,3,150
224,24,24,2023-01-10 07:00:00,1,300
225,25,25,2023-01-10 08:00:00,2,250
226,26,26,2023-01-10 09:00:00,1,100
227,27,27,2023-01-10 10:00:00,2,200
228,28,28,2023-01-10 11:00:00,3,150
229,29,29,2023-01-10 12:00:00,1,300
230,30,30,2023-01-10 13:00:00,2,250
231,31,31,2023-01-10 14:00:00,1,100
232,32,32,2023-01-10 15:00:00,2,200
233,33,33,2023-01-10 16:00:00,3,150
234,34,34,2023-01-10 17:00:00,1,300
235,35,35,2023-01-10 18:00:00,2,250
236,36,36,2023-01-10 19:00:00,1,100
237,37,37,2023-01-10 20:00:00,2,200
238,38,38,2023-01-10 21:00:00,3,150
239,39,39,2023-01-10 22:00:00,1,300
240,40,40,2023-01-10 23:00:00,2,250
241,41,41,2023-01-11 00:00:00,1,100
242,42,42,2023-01-11 01:00:00,2,200
243,43,43,2023-01-11 02:00:00,3,150
244,44,44,2023-01-11 03:00:00,1,300
245,45,45,2023-01-11 04:00:00,2,250
246,46,46,2023-01-11 05:00:00,1,100
247,47,47,2023-01-11 06:00:00,2,200
248,48,48,2023-01-11 07:00:00,3,150
249,49,49,2023-01-11 08:00:00,1,300
250,50,50,2023-01-11 09:00:00,2,250
251,51,1,2023-01-11 10:00:00,1,100
252,52,2,2023-01-11 11:00:00,2,200
253,53,3,2023-01-11 12:00:00,3,150
254,54,4,2023-01-11 13:00:00,1,300
255,55,5,2023-01-11 14:00:00,2,250
256,56,6,2023-01-11 15:00:00,1,100
257,57,7,2023-01-11 16:00:00,2,200
258,58,8,2023-01-11 17:00:00,3,150
259,59,9,2023-01-11 18:00:00,1,300
260,60,10,2023-01-11 19:00:00,2,250
261,61,11,2023-01-11 20:00:00,1,100
262,62,12,2023-01-11 21:00:00,2,200
263,63,13,2023-01-11 22:00:00,3,150
264,64,14,2023-01-11 23:00:00,1,300
265,65,15,2023-01-12 00:00:00,2,250
266,66,16,2023-01-12 01:00:00,1,100
267,67,17,2023-01-12 02:00:00,2,200
268,68,18,2023-01-12 03:00:00,3,150
269,69,19,2023-01-12 04:00:00,1,300
270,70,20,2023-01-12 05:00:00,2,250
271,71,21,2023-01-12 06:00:00,1,100
272,72,22,2023-01-12 07:00:00,2,200
273,73,23,2023-01-12 08:00:00,3,150
274,74,24,2023-01-12 09:00:00,1,300
275,75,25,2023-01-12 10:00:00,2,250
276,76,26,2023-01-12 11:00:00,1,100
277,77,27,2023-01-12 12:00:00,2,200
278,78,28,2023-01-12 13:00:00,3,150
279,79,29,2023-01-12 14:00:00,1,300
280,80,30,2023-01-12 15:00:00,2,250
281,81,31,2023-01-12 16:00:00,1,100
282,82,32,2023-01-12 17:00:00,2,200
283,83,33,2023-01-12 18:00:00,3,150
284,84,34,2023-01-12 19:00:00,1,300
285,85,35,2023-01-12 20:00:00,2,250
286,86,36,2023-01-12 21:00:00,1,100
287,87,37,2023-01-12 22:00:00,2,200
288,88,38,2023-01-12 23:00:00,3,150
289,89,39,2023-01-13 00:00:00,1,300
290,90,40,2023-01-13 01:00:00,2,250
291,91,41,2023-01-13 02:00:00,1,100
292,92,42,2023-01-13 03:00:00,2,200
293,93,43,2023-01-13 04:00:00,3,150
294,94,44,2023-01-13 05:00:00,1,300
295,95,45,2023-01-13 06:00:00,2,250
296,96,46,2023-01-13 07:00:00,1,100
297,97,47,2023-01-13 08:00:00,2,200
298,98,48,2023-01-13 09:00:00,3,150
299,99,49,2023-01-13 10:00:00,1,300
300,100,50,2023-01-13 11:00:00,2,250
301,1,1,2023-01-13 12:00:00,1,100
302,2,2,2023-01-13 13:00:00,2,200
303,3,3,2023-01-13 14:00:00,3,150
304,4,4,2023-01-13 15:00:00,1,300
305,5,5,2023-01-13 16:00:00,2,250
306,6,6,2023-01-13 17:00:00,1,100
307,7,7,2023-01-13 18:00:00,2,200
308,8,8,2023-01-13 19:00:00,3,150
309,9,9,2023-01-13 20:00:00,1,300
310,10,10,2023-01-13 21:00:00,2,250
311,11,11,2023-01-13 22:00:00,1,100
312,12,12,2023-01-13 23:00:00,2,200
313,13,13,2023-01-14 00:00:00,3,150
314,14,14,2023-01-14 01:00:00,1,300
315,15,15,2023-01-14 02:00:00,2,250
316,16,16,2023-01-14 03:00:00,1,100
317,17,17,2023-01-14 04:00:00,2,200
318,18,18,2023-01-14 05:00:00,3,150
319,19,19,2023-01-14 06:00:00,1,300
320,20,20,2023-01-14 07:00:00,2,250
321,21,21,2023-01-14 08:00:00,1,100
322,22,22,2023-01-14 09:00:00,2,200
323,23,23,2023-01-14 10:00:00,3,150
324,24,24,2023-01-14 11:00:00,1,300
325,25,25,2023-01-14 12:00:00,2,250
326,26,26,2023-01-14 13:00:00,1,100
327,27,27,2023-01-14 14:00:00,2,200
328,28,28,2023-01-14 15:00:00,3,150
329,29,29,2023-01-14 16:00:00,1,300
330,30,30,2023-01-14 17:00:00,2,250
331,31,31,2023-01-14 18:00:00,1,100
332,32,32,2023-01-14 19:00:00,2,200
333,33,33,2023-01-14 20:00:00,3,150
334,34,34,2023-01-14 21:00:00,1,300
335,35,35,2023-01-14 22:00:00,2,250
336,36,36,2023-01-14 23:00:00,1,100
337,37,37,2023-01-15 00:00:00,2,200
338,38,38,2023-01-15 01:00:00,3,150
339,39,39,2023-01-15 02:00:00,1,300
340,40,40,2023-01-15 03:00:00,2,250
341,41,41,2023-01-15 04:00:00,1,100
342,42,42,2023-01-15 05:00:00,2,200
343,43,43,2023-01-15 06:00:00,3,150
344,44,44,2023-01-15 07:00:00,1,300
345,45,45,2023-01-15 08:00:00,2,250
346,46,46,2023-01-15 09:00:00,1,100
347,47,47,2023-01-15 10:00:00,2,200
348,48,48,2023-01-15 11:00:00,3,150
349,49,49,2023-01-15 12:00:00,1,300
350,50,50,2023-01-15 13:00:00,2,250
351,51,1,2023-01-15 14:00:00,1,100
352,52,2,2023-01-15 15:00:00,2,200
353,53,3,2023-01-15 16:00:00,3,150
354,54,4,2023-01-15 17:00:00,1,300
355,55,5,2023-01-15 18:00:00,2,250
356,56,6,2023-01-15 19:00:00,1,100
357,57,7,2023-01-15 20:00:00,2,200
358,58,8,2023-01-15 21:00:00,3,150
359,59,9,2023-01-15 22:00:00,1,300
360,60,10,2023-01-15 23:00:00,2,250
361,61,11,2023-01-16 00:00:00,1,100
362,62,12,2023-01-16 01:00:00,2,200
363,63,13,2023-01-16 02:00:00,3,150
364,64,14,2023-01-16 03:00:00,1,300
365,65,15,2023-01-16 04:00:00,2,250
366,66,16,2023-01-16 05:00:00,1,100
367,67,17,2023-01-16 06:00:00,2,200
368,68,18,2023-01-16 07:00:00,3,150
369,69,19,2023-01-16 08:00:00,1,300
370,70,20,2023-01-16 09:00:00,2,250
371,71,21,2023-01-16 10:00:00,1,100
372,72,22,2023-01-16 11:00:00,2,200
373,73,23,2023-01-16 12:00:00,3,150
374,74,24,2023-01-16 13:00:00,1,300
375,75,25,2023-01-16 14:00:00,2,250
376,76,26,2023-01-16 15:00:00,1,100
377,77,27,2023-01-16 16:00:00,2,200
378,78,28,2023-01-16 17:00:00,3,150
379,79,29,2023-01-16 18:00:00,1,300
380,80,30,2023-01-16 19:00:00,2,250
381,81,31,2023-01-16 20:00:00,1,100
382,82,32,2023-01-16 21:00:00,2,200
383,83,33,2023-01-16 22:00:00,3,150
384,84,34,2023-01-16 23:00:00,1,300
385,85,35,2023-01-17 00:00:00,2,250
386,86,36,2023-01-17 01:00:00,1,100
387,87,37,2023-01-17 02:00:00,2,200
388,88,38,2023-01-17 03:00:00,3,150
389,89,39,2023-01-17 04:00:00,1,300
390,90,40,2023-01-17 05:00:00,2,250
391,91,41,2023-01-17 06:00:00,1,100
392,92,42,2023-01-17 07:00:00,2,200
393,93,43,2023-01-17 08:00:00,3,150
394,94,44,2023-01-17 09:00:00,1,300
395,95,45,2023-01-17 10:00:00,2,250
396,96,46,2023-01-17 11:00:00,1,100
397,97,47,2023-01-17 12:00:00,2,200
398,98,48,2023-01-17 13:00:00,3,150
399,99,49,2023-01-17 14:00:00,1,300
400,100,50,2023-01-17 15:00:00,2,250
401,1,1,2023-01-17 16:00:00,1,100
402,2,2,2023-01-17 17:00:00,2,200
403,3,3,2023-01-17 18:00:00,3,150
404,4,4,2023-01-17 19:00:00,1,300
405,5,5,2023-01-17 20:00:00,2,250
406,6,6,2023-01-17 21:00:00,1,100
407,7,7,2023-01-17 22:00:00,2,200
408,8,8,2023-01-17 23:00:00,3,150
409,9,9,2023-01-18 00:00:00,1,300
410,10,10,2023-01-18 01:00:00,2,250
411,11,11,2023-01-18 02:00:00,1,100
412,12,12,2023-01-18 03:00:00,2,200
413,13,13,2023-01-18 04:00:00,3,150
414,14,14,2023-01-18 05:00:00,1,300
415,15,15,2023-01-18 06:00:00,2,250
416,16,16,2023-01-18 07:00:00,1,100
417,17,17,2023-01-18 08:00:00,2,200
418,18,18,2023-01-18 09:00:00,3,150
419,19,19,2023-01-18 10:00:00,1,300
420,20,20,2023-01-18 11:00:00,2,250
421,21,21,2023-01-18 12:00:00,1,100
422,22,22,2023-01-18 13:00:00,2,200
423,23,23,2023-01-18 14:00:00,3,150
424,24,24,2023-01-18 15:00:00,1,300
425,25,25,2023-01-18 16:00:00,2,250
426,26,26,2023-01-18 17:00:00,1,100
427,27,27,2023-01-18 18:00:00,2,200
428,28,28,2023-01-18 19:00:00,3,150
429,29,29,2023-01-18 20:00:00,1,300
430,30,30,2023-01-18 21:00:00,2,250
431,31,31,2023-01-18 22:00:00,1,100
432,32,32,2023-01-18 23:00:00,2,200
433,33,33,2023-01-19 00:00:00,3,150
434,34,34,2023-01-19 01:00:00,1,300
435,35,35,2023-01-19 02:00:00,2,250
436,36,36,2023-01-19 03:00:00,1,100
437,37,37,2023-01-19 04:00:00,2,200
438,38,38,2023-01-19 05:00:00,3,150
439,39,39,2023-01-19 06:00:00,1,300
440,40,40,2023-01-19 07:00:00,2,250
441,41,41,2023-01-19 08:00:00,1,100
442,42,42,2023-01-19 09:00:00,2,200
443,43,43,2023-01-19 10:00:00,3,150
444,44,44,2023-01-19 11:00:00,1,300
445,45,45,2023-01-19 12:00:00,2,250
446,46,46,2023-01-19 13:00:00,1,100
447,47,47,2023-01-19 14:00:00,2,200
448,48,48,2023-01-19 15:00:00,3,150
449,49,49,2023-01-19 16:00:00,1,300
450,50,50,2023-01-19 17:00:00,2,250
451,51,1,2023-01-19 18:00:00,1,100
452,52,2,2023-01-19 19:00:00,2,200
453,53,3,2023-01-19 20:00:00,3,150
454,54,4,2023-01-19 21:00:00,1,300
455,55,5,2023-01-19 22:00:00,2,250
456,56,6,2023-01-19 23:00:00,1,100
457,57,7,2023-01-20 00:00:00,2,200
458,58,8,2023-01-20 01:00:00,3,150
459,59,9,2023-01-20 02:00:00,1,300
460,60,10,2023-01-20 03:00:00,2,250
461,61,11,2023-01-20 04:00:00,1,100
462,62,12,2023-01-20 05:00:00,2,200
463,63,13,2023-01-20 06:00:00,3,150
464,64,14,2023-01-20 07:00:00,1,300
465,65,15,2023-01-20 08:00:00,2,250
466,66,16,2023-01-20 09:00:00,1,100
467,67,17,2023-01-20 10:00:00,2,200
468,68,18,2023-01-20 11:00:00,3,150
469,69,19,2023-01-20 12:00:00,1,300
470,70,20,2023-01-20 13:00:00,2,250
471,71,21,2023-01-20 14:00:00,1,100
472,72,22,2023-01-20 15:00:00,2,200
473,73,23,2023-01-20 16:00:00,3,150
474,74,24,2023-01-20 17:00:00,1,300
475,75,25,2023-01-20 18:00:00,2,250
476,76,26,2023-01-20 19:00:00,1,100
477,77,27,2023-01-20 20:00:00,2,200
478,78,28,2023-01-20 21:00:00,3,150
479,79,29,2023-01-20 22:00:00,1,300
480,80,30,2023-01-20 23:00:00,2,250
481,81,31,2023-01-21 00:00:00,1,100
482,82,32,2023-01-21 01:00:00,2,200
483,83,33,2023-01-21 02:00:00,3,150
484,84,34,2023-01-21 03:00:00,1,300
485,85,35,2023-01-21 04:00:00,2,250
486,86,36,2023-01-21 05:00:00,1,100
487,87,37,2023-01-21 06:00:00,2,200
488,88,38,2023-01-21 07:00:00,3,150
489,89,39,2023-01-21 08:00:00,1,300
490,90,40,2023-01-21 09:00:00,2,250
491,91,41,2023-01-21 10:00:00,1,100
492,92,42,2023-01-21 11:00:00,2,200
493,93,43,2023-01-21 12:00:00,3,150
494,94,44,2023-01-21 13:00:00,1,300
495,95,45,2023-01-21 14:00:00,2,250
496,96,46,2023-01-21 15:00:00,1,100
497,97,47,2023-01-21 16:00:00,2,200
498,98,48,2023-01-21 17:00:00,3,150
499,99,49,2023-01-21 18:00:00,1,300
500,100,50,2023-01-21 19:00:00,2,250
501,1,1,2023-01-21 20:00:00,1,100
502,2,2,2023-01-21 21:00:00,2,200
503,3,3,2023-01-21 22:00:00,3,150
504,4,4,2023-01-21 23:00:00,1,300
505,5,5,2023-01-22 00:00:00,2,250
506,6,6,2023-01-22 01:00:00,1,100
507,7,7,2023-01-22 02:00:00,2,200
508,8,8,2023-01-22 03:00:00,3,150
509,9,9,2023-01-22 04:00:00,1,300
510,10,10,2023-01-22 05:00:00,2,250
511,11,11,2023-01-22 06:00:00,1,100
512,12,12,2023-01-22 07:00:00,2,200
513,13,13,2023-01-22 08:00:00,3,150
514,14,14,2023-01-22 09:00:00,1,300
515,15,15,2023-01-22 10:00:00,2,250
516,16,16,2023-01-22 11:00:00,1,100
517,17,17,2023-01-22 12:00:00,2,200
518,18,18,2023-01-22 13:00:00,3,150
519,19,19,2023-01-22 14:00:00,1,300
520,20,20,2023-01-22 15:00:00,2,250
521,21,21,2023-01-22 16:00:00,1,100
522,22,22,2023-01-22 17:00:00,2,200
523,23,23,2023-01-22 18:00:00,3,150
524,24,24,2023-01-22 19:00:00,1,300
525,25,25,2023-01-22 20:00:00,2,250
526,26,26,2023-01-22 21:00:00,1,100
527,27,27,2023-01-22 22:00:00,2,200
528,28,28,2023-01-22 23:00:00,3,150
529,29,29,2023-01-23 00:00:00,1,300
530,30,30,2023-01-23 01:00:00,2,250
531,31,31,2023-01-23 02:00:00,1,100
532,32,32,2023-01-23 03:00:00,2,200
533,33,33,2023-01-23 04:00:00,3,150
534,34,34,2023-01-23 05:00:00,1,300
535,35,35,2023-01-23 06:00:00,2,250
536,36,36,2023-01-23 07:00:00,1,100
537,37,37,2023-01-23 08:00:00,2,200
538,38,38,2023-01-23 09:00:00,3,150
539,39,39,2023-01-23 10:00:00,1,300
540,40,40,2023-01-23 11:00:00,2,250
541,41,41,2023-01-23 12:00:00,1,100
542,42,42,2023-01-23 13:00:00,2,200
543,43,43,2023-01-23 14:00:00,3,150
544,44,44,2023-01-23 15:00:00,1,300
545,45,45,2023-01-23 16:00:00,2,250
546,46,46,2023-01-23 17:00:00,1,100
547,47,47,2023-01-23 18:00:00,2,200
548,48,48,2023-01-23 19:00:00,3,150
549,49,49,2023-01-23 20:00:00,1,300
550,50,50,2023-01-23 21:00:00,2,250
551,51,1,2023-01-23 22:00:00,1,100
552,52,2,2023-01-23 23:00:00,2,200
553,53,3,2023-01-24 00:00:00,3,150
554,54,4,2023-01-24 01:00:00,1,300
555,55,5,2023-01-24 02:00:00,2,250
556,56,6,2023-01-24 03:00:00,1,100
557,57,7,2023-01-24 04:00:00,2,200
558,58,8,2023-01-24 05:00:00,3,150
559,59,9,2023-01-24 06:00:00,1,300
560,60,10,2023-01-24 07:00:00,2,250
561,61,11,2023-01-24 08:00:00,1,100
562,62,12,2023-01-24 09:00:00,2,200
563,63,13,2023-01-24 10:00:00,3,150
564,64,14,2023-01-24 11:00:00,1,300
565,65,15,2023-01-24 12:00:00,2,250
566,66,16,2023-01-24 13:00:00,1,100
567,67,17,2023-01-24 14:00:00,2,200
568,68,18,2023-01-24 15:00:00,3,150
569,69,19,2023-01-24 16:00:00,1,300
570,70,20,2023-01-24 17:00:00,2,250
571,71,21,2023-01-24 18:00:00,1,100
572,72,22,2023-01-24 19:00:00,2,200
573,73,23,2023-01-24 20:00:00,3,150
574,74,24,2023-01-24 21:00:00,1,300
575,75,25,2023-01-24 22:00:00,2,250
576,76,26,2023-01-24 23:00:00,1,100
577,77,27,2023-01-25 00:00:00,2,200
578,78,28,2023-01-25 01:00:00,3,150
579,79,29,2023-01-25 02:00:00,1,300
580,80,30,2023-01-25 03:00:00,2,250
581,81,31,2023-01-25 04:00:00,1,100
582,82,32,2023-01-25 05:00:00,2,200
583,83,33,2023-01-25 06:00:00,3,150
584,84,34,2023-01-25 07:00:00,1,300
585,85,35,2023-01-25 08:00:00,2,250
586,86,36,2023-01-25 09:00:00,1,100
587,87,37,2023-01-25 10:00:00,2,200
588,88,38,2023-01-25 11:00:00,3,150
589,89,39,2023-01-25 12:00:00,1,300
590,90,40,2023-01-25 13:00:00,2,250
591,91,41,2023-01-25 14:00:00,1,100
592,92,42,2023-01-25 15:00:00,2,200
593,93,43,2023-01-25 16:00:00,3,150
594,94,44,2023-01-25 17:00:00,1,300
595,95,45,2023-01-25 18:00:00,2,250
596,96,46,2023-01-25 19:00:00,1,100
597,97,47,2023-01-25 20:00:00,2,200
598,98,48,2023-01-25 21:00:00,3,150
599,99,49,2023-01-25 22:00:00,1,300
600,100,50,2023-01-25 23:00:00,2,250
601,1,1,2023-01-26 00:00:00,1,100
602,2,2,2023-01-26 01:00:00,2,200
603,3,3,2023-01-26 02:00:00,3,150
604,4,4,2023-01-26 03:00:00,1,300
605,5,5,2023-01-26 04:00:00,2,250
606,6,6,2023-01-26 05:00:00,1,100
607,7,7,2023-01-26 06:00:00,2,200
608,8,8,2023-01-26 07:00:00,3,150
609,9,9,2023-01-26 08:00:00,1,300
610,10,10,2023-01-26 09:00:00,2,250
611,11,11,2023-01-26 10:00:00,1,100
612,12,12,2023-01-26 11:00:00,2,200
613,13,13,2023-01-26 12:00:00,3,150
614,14,14,2023-01-26 13:00:00,1,300
615,15,15,2023-01-26 14:00:00,2,250
616,16,16,2023-01-26 15:00:00,1,100
617,17,17,2023-01-26 16:00:00,2,200
618,18,18,2023-01-26 17:00:00,3,150
619,19,19,2023-01-26 18:00:00,1,300
620,20,20,2023-01-26 19:00:00,2,250
621,21,21,2023-01-26 20:00:00,1,100
622,22,22,2023-01-26 21:00:00,2,200
623,23,23,2023-01-26 22:00:00,3,150
624,24,24,2023-01-26 23:00:00,1,300
625,25,25,2023-01-27 00:00:00,2,250
626,26,26,2023-01-27 01:00:00,1,100
627,27,27,2023-01-27 02:00:00,2,200
628,28,28,2023-01-27 03:00:00,3,150
629,29,29,2023-01-27 04:00:00,1,300
630,30,30,2023-01-27 05:00:00,2,250
631,31,31,2023-01-27 06:00:00,1,100
632,32,32,2023-01-27 07:00:00,2,200
633,33,33,2023-01-27 08:00:00,3,150
634,34,34,2023-01-27 09:00:00,1,300
635,35,35,2023-01-27 10:00:00,2,250
636,36,36,2023-01-27 11:00:00,1,100
637,37,37,2023-01-27 12:00:00,2,200
638,38,38,2023-01-27 13:00:00,3,150
639,39,39,2023-01-27 14:00:00,1,300
640,40,40,2023-01-27 15:00:00,2,250
641,41,41,2023-01-27 16:00:00,1,100
642,42,42,2023-01-27 17:00:00,2,200
643,43,43,2023-01-27 18:00:00,3,150
644,44,44,2023-01-27 19:00:00,1,300
645,45,45,2023-01-27 20:00:00,2,250
646,46,46,2023-01-27 21:00:00,1,100
647,47,47,2023-01-27 22:00:00,2,200
648,48,48,2023-01-27 23:00:00,3,150
649,49,49,2023-01-28 00:00:00,1,300
650,50,50,2023-01-28 01:00:00,2,250
651,51,1,2023-01-28 02:00:00,1,100
652,52,2,2023-01-28 03:00:00,2,200
653,53,3,2023-01-28 04:00:00,3,150
654,54,4,2023-01-28 05:00:00,1,300
655,55,5,2023-01-28 06:00:00,2,250
656,56,6,2023-01-28 07:00:00,1,100
657,57,7,2023-01-28 08:00:00,2,200
658,58,8,2023-01-28 09:00:00,3,150
659,59,9,2023-01-28 10:00:00,1,300
660,60,10,2023-01-28 11:00:00,2,250
661,61,11,2023-01-28 12:00:00,1,100
662,62,12,2023-01-28 13:00:00,2,200
663,63,13,2023-01-28 14:00:00,3,150
664,64,14,2023-01-28 15:00:00,1,300
665,65,15,2023-01-28 16:00:00,2,250
666,66,16,2023-01-28 17:00:00,1,100
667,67,17,2023-01-28 18:00:00,2,200
668,68,18,2023-01-28 19:00:00,3,150
669,69,19,2023-01-28 20:00:00,1,300
670,70,20,2023-01-28 21:00:00,2,250
671,71,21,2023-01-28 22:00:00,1,100
672,72,22,2023-01-28 23:00:00,2,200
673,73,23,2023-01-29 00:00:00,3,150
674,74,24,2023-01-29 01:00:00,1,300
675,75,25,2023-01-29 02:00:00,2,250
676,76,26,2023-01-29 03:00:00,1,100
677,77,27,2023-01-29 04:00:00,2,200
678,78,28,2023-01-29 05:00:00,3,150
679,79,29,2023-01-29 06:00:00,1,300
680,80,30,2023-01-29 07:00:00,2,250
681,81,31,2023-01-29 08:00:00,1,100
682,82,32,2023-01-29 09:00:00,2,200
683,83,33,2023-01-29 10:00:00,3,150
684,84,34,2023-01-29 11:00:00,1,300
685,85,35,2023-01-29 12:00:00,2,250
686,86,36,2023-01-29 13:00:00,1,100
687,87,37,2023-01-29 14:00:00,2,200
688,88,38,2023-01-29 15:00:00,3,150
689,89,39,2023-01-29 16:00:00,1,300
690,90,40,2023-01-29 17:00:00,2,250
691,91,41,2023-01-29 18:00:00,1,100
692,92,42,2023-01-29 19:00:00,2,200
693,93,43,2023-01-29 20:00:00,3,150
694,94,44,2023-01-29 21:00:00,1,300
695,95,45,2023-01-29 22:00:00,2,250
696,96,46,2023-01-29 23:00:00,1,100
697,97,47,2023-01-30 00:00:00,2,200
698,98,48,2023-01-30 01:00:00,3,150
699,99,49,2023-01-30 02:00:00,1,300
700,100,50,2023-01-30 03:00:00,2,250
701,1,1,2023-01-30 04:00:00,1,100
702,2,2,2023-01-30 05:00:00,2,200
703,3,3,2023-01-30 06:00:00,3,150
704,4,4,2023-01-30 07:00:00,1,300
705,5,5,2023-01-30 08:00:00,2,250
706,6,6,2023-01-30 09:00:00,1,100
707,7,7,2023-01-30 10:00:00,2,200
708,8,8,2023-01-30 11:00:00,3,150
709,9,9,2023-01-30 12:00:00,1,300
710,10,10,2023-01-30 13:00:00,2,250
711,11,11,2023-01-30 14:00:00,1,100
712,12,12,2023-01-30 15:00:00,2,200
713,13,13,2023-01-30 16:00:00,3,150
714,14,14,2023-01-30 17:00:00,1,300
715,15,15,2023-01-30 18:00:00,2,250
716,16,16,2023-01-30 19:00:00,1,100
717,17,17,2023-01-30 20:00:00,2,200
718,18,18,2023-01-30 21:00:00,3,150
719,19,19,2023-01-30 22:00:00,1,300
720,20,20,2023-01-30 23:00:00,2,250
721,21,21,2023-01-31 00:00:00,1,100
722,22,22,2023-01-31 01:00:00,2,200
723,23,23,2023-01-31 02:00:00,3,150
724,24,24,2023-01-31 03:00:00,1,300
725,25,25,2023-01-31 04:00:00,2,250
726,26,26,2023-01-31 05:00:00,1,100
727,27,27,2023-01-31 06:00:00,2,200
728,28,28,2023-01-31 07:00:00,3,150
729,29,29,2023-01-31 08:00:00,1,300
730,30,30,2023-01-31 09:00:00,2,250
731,31,31,2023-01-31 10:00:00,1,100
732,32,32,2023-01-31 11:00:00,2,200
733,33,33,2023-01-31 12:00:00,3,150
734,34,34,2023-01-31 13:00:00,1,300
735,35,35,2023-01-31 14:00:00,2,250
736,36,36,2023-01-31 15:00:00,1,100
737,37,37,2023-01-31 16:00:00,2,200
738,38,38,2023-01-31 17:00:00,3,150
739,39,39,2023-01-31 18:00:00,1,300
740,40,40,2023-01-31 19:00:00,2,250
741,41,41,2023-01-31 20:00:00,1,100
742,42,42,2023-01-31 21:00:00,2,200
743,43,43,2023-01-31 22:00:00,3,150
744,44,44,2023-01-31 23:00:00,1,300
745,45,45,2023-02-01 00:00:00,2,250
746,46,46,2023-02-01 01:00:00,1,100
747,47,47,2023-02-01 02:00:00,2,200
748,48,48,2023-02-01 03:00:00,3,150
749,49,49,2023-02-01 04:00:00,1,300
750,50,50,2023-02-01 05:00:00,2,250
751,51,1,2023-02-01 06:00:00,1,100
752,52,2,2023-02-01 07:00:00,2,200
753,53,3,2023-02-01 08:00:00,3,150
754,54,4,2023-02-01 09:00:00,1,300
755,55,5,2023-02-01 10:00:00,2,250
756,56,6,2023-02-01 11:00:00,1,100
757,57,7,2023-02-01 12:00:00,2,200
758,58,8,2023-02-01 13:00:00,3,150
759,59,9,2023-02-01 14:00:00,1,300
760,60,10,2023-02-01 15:00:00,2,250
761,61,11,2023-02-01 16:00:00,1,100
762,62,12,2023-02-01 17:00:00,2,200
763,63,13,2023-02-01 18:00:00,3,150
764,64,14,2023-02-01 19:00:00,1,300
765,65,15,2023-02-01 20:00:00,2,250
766,66,16,2023-02-01 21:00:00,1,100
767,67,17,2023-02-01 22:00:00,2,200
768,68,18,2023-02-01 23:00:00,3,150
769,69,19,2023-02-02 00:00:00,1,300
770,70,20,2023-02-02 01:00:00,2,250
771,71,21,2023-02-02 02:00:00,1,100
772,72,22,2023-02-02 03:00:00,2,200
773,73,23,2023-02-02 04:00:00,3,150
774,74,24,2023-02-02 05:00:00,1,300
775,75,25,2023-02-02 06:00:00,2,250
776,76,26,2023-02-02 07:00:00,1,100
777,77,27,2023-02-02 08:00:00,2,200
778,78,28,2023-02-02 09:00:00,3,150
779,79,29,2023-02-02 10:00:00,1,300
780,80,30,2023-02-02 11:00:00,2,250
781,81,31,2023-02-02 12:00:00,1,100
782,82,32,2023-02-02 13:00:00,2,200
783,83,33,2023-02-02 14:00:00,3,150
784,84,34,2023-02-02 15:00:00,1,300
785,85,35,2023-02-02 16:00:00,2,250
786,86,36,2023-02-02 17:00:00,1,100
787,87,37,2023-02-02 18:00:00,2,200
788,88,38,2023-02-02 19:00:00,3,150
789,89,39,2023-02-02 20:00:00,1,300
790,90,40,2023-02-02 21:00:00,2,250
791,91,41,2023-02-02 22:00:00,1,100
792,92,42,2023-02-02 23:00:00,2,200
793,93,43,2023-02-03 00:00:00,3,150
794,94,44,2023-02-03 01:00:00,1,300
795,95,45,2023-02-03 02:00:00,2,250
796,96,46,2023-02-03 03:00:00,1,100
797,97,47,2023-02-03 04:00:00,2,200
798,98,48,2023-02-03 05:00:00,3,150
799,99,49,2023-02-03 06:00:00,1,300
800,100,50,2023-02-03 07:00:00,2,250
801,1,1,2023-02-03 08:00:00,1,100
802,2,2,2023-02-03 09:00:00,2,200
803,3,3,2023-02-03 10:00:00,3,150
804,4,4,2023-02-03 11:00:00,1,300
805,5,5,2023-02-03 12:00:00,2,250
806,6,6,2023-02-03 13:00:00,1,100
807,7,7,2023-02-03 14:00:00,2,200
808,8,8,2023-02-03 15:00:00,3,150
809,9,9,2023-02-03 16:00:00,1,300
810,10,10,2023-02-03 17:00:00,2,250
811,11,11,2023-02-03 18:00:00,1,100
812,12,12,2023-02-03 19:00:00,2,200
813,13,13,2023-02-03 20:00:00,3,150
814,14,14,2023-02-03 21:00:00,1,300
815,15,15,2023-02-03 22:00:00,2,250
816,16,16,2023-02-03 23:00:00,1,100
817,17,17,2023-02-04 00:00:00,2,200
818,18,18,2023-02-04 01:00:00,3,150
819,19,19,2023-02-04 02:00:00,1,300
820,20,20,2023-02-04 03:00:00,2,250
821,21,21,2023-02-04 04:00:00,1,100
822,22,22,2023-02-04 05:00:00,2,200
823,23,23,2023-02-04 06:00:00,3,150
824,24,24,2023-02-04 07:00:00,1,300
825,25,25,2023-02-04 08:00:00,2,250
826,26,26,2023-02-04 09:00:00,1,100
827,27,27,2023-02-04 10:00:00,2,200
828,28,28,2023-02-04 11:00:00,3,150
829,29,29,2023-02-04 12:00:00,1,300
830,30,30,2023-02-04 13:00:00,2,250
831,31,31,2023-02-04 14:00:00,1,100
832,32,32,2023-02-04 15:00:00,2,200
833,33,33,2023-02-04 16:00:00,3,150
834,34,34,2023-02-04 17:00:00,1,300
835,35,35,2023-02-04 18:00:00,2,250
836,36,36,2023-02-04 19:00:00,1,100
837,37,37,2023-02-04 20:00:00,2,200
838,38,38,2023-02-04 21:00:00,3,150
839,39,39,2023-02-04 22:00:00,1,300
840,40,40,2023-02-04 23:00:00,2,250
841,41,41,2023-02-05 00:00:00,1,100
842,42,42,2023-02-05 01:00:00,2,200
843,43,43,2023-02-05 02:00:00,3,150
844,44,44,2023-02-05 03:00:00,1,300
845,45,45,2023-02-05 04:00:00,2,250
846,46,46,2023-02-05 05:00:00,1,100
847,47,47,2023-02-05 06:00:00,2,200
848,48,48,2023-02-05 07:00:00,3,150
849,49,49,2023-02-05 08:00:00,1,300
850,50,50,2023-02-05 09:00:00,2,250
851,51,1,2023-02-05 10:00:00,1,100
852,52,2,2023-02-05 11:00:00,2,200
853,53,3,2023-02-05 12:00:00,3,150
854,54,4,2023-02-05 13:00:00,1,300
855,55,5,2023-02-05 14:00:00,2,250
856,56,6,2023-02-05 15:00:00,1,100
857,57,7,2023-02-05 16:00:00,2,200
858,58,8,2023-02-05 17:00:00,3,150
859,59,9,2023-02-05 18:00:00,1,300
860,60,10,2023-02-05 19:00:00,2,250
861,61,11,2023-02-05 20:00:00,1,100
862,62,12,2023-02-05 21:00:00,2,200
863,63,13,2023-02-05 22:00:00,3,150
864,64,14,2023-02-05 23:00:00,1,300
865,65,15,2023-02-06 00:00:00,2,250
866,66,16,2023-02-06 01:00:00,1,100
867,67,17,2023-02-06 02:00:00,2,200
868,68,18,2023-02-06 03:00:00,3,150
869,69,19,2023-02-06 04:00:00,1,300
870,70,20,2023-02-06 05:00:00,2,250
871,71,21,2023-02-06 06:00:00,1,100
872,72,22,2023-02-06 07:00:00,2,200
873,73,23,2023-02-06 08:00:00,3,150
874,74,24,2023-02-06 09:00:00,1,300
875,75,25,2023-02-06 10:00:00,2,250
876,76,26,2023-02-06 11:00:00,1,100
877,77,27,2023-02-06 12:00:00,2,200
878,78,28,2023-02-06 13:00:00,3,150
879,79,29,2023-02-06 14:00:00,1,300
880,80,30,2023-02-06 15:00:00,2,250
881,81,31,2023-02-06 16:00:00,1,100
882,82,32,2023-02-06 17:00:00,2,200
883,83,33,2023-02-06 18:00:00,3,150
884,84,34,2023-02-06 19:00:00,1,300
885,85,35,2023-02-06 20:00:00,2,250
886,86,36,2023-02-06 21:00:00,1,100
887,87,37,2023-02-06 22:00:00,2,200
888,88,38,2023-02-06 23:00:00,3,150
889,89,39,2023-02-07 00:00:00,1,300
890,90,40,2023-02-07 01:00:00,2,250
891,91,41,2023-02-07 02:00:00,1,100
892,92,42,2023-02-07 03:00:00,2,200
893,93,43,2023-02-07 04:00:00,3,150
894,94,44,2023-02-07 05:00:00,1,300
895,95,45,2023-02-07 06:00:00,2,250
896,96,46,2023-02-07 07:00:00,1,100
897,97,47,2023-02-07 08:00:00,2,200
898,98,48,2023-02-07 09:00:00,3,150
899,99,49,2023-02-07 10:00:00,1,300
900,100,50,2023-02-07 11:00:00,2,250
901,1,1,2023-02-07 12:00:00,1,100
902,2,2,2023-02-07 13:00:00,2,200
903,3,3,2023-02-07 14:00:00,3,150
904,4,4,2023-02-07 15:00:00,1,300
905,5,5,2023-02-07 16:00:00,2,250
906,6,6,2023-02-07 17:00:00,1,100
907,7,7,2023-02-07 18:00:00,2,200
908,8,8,2023-02-07 19:00:00,3,150
909,9,9,2023-02-07 20:00:00,1,300
910,10,10,2023-02-07 21:00:00,2,250
911,11,11,2023-02-07 22:00:00,1,100
912,12,12,2023-02-07 23:00:00,2,200
913,13,13,2023-02-08 00:00:00,3,150
914,14,14,2023-02-08 01:00:00,1,300
915,15,15,2023-02-08 02:00:00,2,250
916,16,16,2023-02-08 03:00:00,1,100
917,17,17,2023-02-08 04:00:00,2,200
918,18,18,2023-02-08 05:00:00,3,150
919,19,19,2023-02-08 06:00:00,1,300
920,20,20,2023-02-08 07:00:00,2,250
921,21,21,2023-02-08 08:00:00,1,100
922,22,22,2023-02-08 09:00:00,2,200
923,23,23,2023-02-08 10:00:00,3,150
924,24,24,2023-02-08 11:00:00,1,300
925,25,25,2023-02-08 12:00:00,2,250
926,26,26,2023-02-08 13:00:00,1,100
927,27,27,2023-02-08 14:00:00,2,200
928,28,28,2023-02-08 15:00:00,3,150
929,29,29,2023-02-08 16:00:00,1,300
930,30,30,2023-02-08 17:00:00,2,250
931,31,31,2023-02-08 18:00:00,1,100
932,32,32,2023-02-08 19:00:00,2,200
933,33,33,2023-02-08 20:00:00,3,150
934,34,34,2023-02-08 21:00:00,1,300
935,35,35,2023-02-08 22:00:00,2,250
936,36,36,2023-02-08 23:00:00,1,100
937,37,37,2023-02-09 00:00:00,2,200
938,38,38,2023-02-09 01:00:00,3,150
939,39,39,2023-02-09 02:00:00,1,300
940,40,40,2023-02-09 03:00:00,2,250
941,41,41,2023-02-09 04:00:00,1,100
942,42,42,2023-02-09 05:00:00,2,200
943,43,43,2023-02-09 06:00:00,3,150
944,44,44,2023-02-09 07:00:00,1,300
945,45,45,2023-02-09 08:00:00,2,250
946,46,46,2023-02-09 09:00:00,1,100
947,47,47,2023-02-09 10:00:00,2,200
948,48,48,2023-02-09 11:00:00,3,150
949,49,49,2023-02-09 12:00:00,1,300
950,50,50,2023-02-09 13:00:00,2,250
951,51,1,2023-02-09 14:00:00,1,100
952,52,2,2023-02-09 15:00:00,2,200
953,53,3,2023-02-09 16:00:00,3,150
954,54,4,2023-02-09 17:00:00,1,300
955,55,5,2023-02-09 18:00:00,2,250
956,56,6,2023-02-09 19:00:00,1,100
957,57,7,2023-02-09 20:00:00,2,200
958,58,8,2023-02-09 21:00:00,3,150
959,59,9,2023-02-09 22:00:00,1,300
960,60,10,2023-02-09 23:00:00,2,250
961,61,11,2023-02-10 00:00:00,1,100
962,62,12,2023-02-10 01:00:00,2,200
963,63,13,2023-02-10 02:00:00,3,150
964,64,14,2023-02-10 03:00:00,1,300
965,65,15,2023-02-10 04:00:00,2,250
966,66,16,2023-02-10 05:00:00,1,100
967,67,17,2023-02-10 06:00:00,2,200
968,68,18,2023-02-10 07:00:00,3,150
969,69,19,2023-02-10 08:00:00,1,300
970,70,20,2023-02-10 09:00:00,2,250
971,71,21,2023-02-10 10:00:00,1,100
972,72,22,2023-02-10 11:00:00,2,200
973,73,23,2023-02-10 12:00:00,3,150
974,74,24,2023-02-10 13:00:00,1,300
975,75,25,2023-02-10 14:00:00,2,250
976,76,26,2023-02-10 15:00:00,1,100
977,77,27,2023-02-10 16:00:00,2,200
978,78,28,2023-02-10 17:00:00,3,150
979,79,29,2023-02-10 18:00:00,1,300
980,80,30,2023-02-10 19:00:00,2,250
981,81,31,2023-02-10 20:00:00,1,100
982,82,32,2023-02-10 21:00:00,2,200
983,83,33,2023-02-10 22:00:00,3,150
984,84,34,2023-02-10 23:00:00,1,300
985,85,35,2023-02-11 00:00:00,2,250
986,86,36,2023-02-11 01:00:00,1,100
987,87,37,2023-02-11 02:00:00,2,200
988,88,38,2023-02-11 03:00:00,3,150
989,89,39,2023-02-11 04:00:00,1,300
990,90,40,2023-02-11 05:00:00,2,250
991,91,41,2023-02-11 06:00:00,1,100
992,92,42,2023-02-11 07:00:00,2,200
993,93,43,2023-02-11 08:00:00,3,150
994,94,44,2023-02-11 09:00:00,1,300
995,95,45,2023-02-11 10:00:00,2,250
996,96,46,2023-02-11 11:00:00,1,100
997,97,47,2023-02-11 12:00:00,2,200
998,98,48,2023-02-11 13:00:00,3,150
999,99,49,2023-02-11 14:00:00,1,300
1000,100,50,2023-02-11 15:00:00,2,250
