cliente_id,data_compra,valor_compra
CLT_001,2025-08-15 12:54:26.731638,75.74
CLT_001,2025-01-27 12:54:26.731638,438.17
CLT_001,2025-06-03 12:54:26.731638,121.11
CLT_001,2025-03-07 12:54:26.731638,435.83
CLT_001,2025-03-25 12:54:26.731638,193.28
CLT_002,2025-07-22 12:54:26.731638,108.71
CLT_002,2025-08-13 12:54:26.731638,409.96
CLT_002,2024-11-10 12:54:26.731638,167.37
CLT_003,2024-11-07 12:54:26.731638,130.44
CLT_003,2025-01-02 12:54:26.731638,22.02
CLT_003,2025-03-28 12:54:26.731638,11.08
CLT_003,2025-06-15 12:54:26.731638,67.81
CLT_003,2025-06-16 12:54:26.731638,348.64
CLT_004,2024-10-03 12:54:26.731638,262.51
CLT_004,2025-08-29 12:54:26.731638,86.15
CLT_004,2024-11-20 12:54:26.731638,150.58
CLT_004,2024-12-08 12:54:26.731638,143.8
CLT_004,2025-05-07 12:54:26.731638,185.18
CLT_005,2025-03-09 12:54:26.731638,116.4
CLT_005,2024-12-28 12:54:26.731638,170.18
CLT_005,2025-01-27 12:54:26.731638,194.77
CLT_005,2025-09-12 12:54:26.731638,550.73
CLT_005,2025-04-13 12:54:26.731638,124.35
CLT_005,2024-11-09 12:54:26.731638,105.05
CLT_006,2024-10-01 12:54:26.731638,378.73
CLT_006,2024-11-23 12:54:26.731638,94.91
CLT_006,2024-11-19 12:54:26.731638,132.86
CLT_006,2024-11-01 12:54:26.731638,135.73
CLT_007,2025-06-28 12:54:26.731638,134.81
CLT_007,2025-09-12 12:54:26.731638,539.16
CLT_007,2025-02-02 12:54:26.731638,65.19
CLT_007,2025-02-17 12:54:26.731638,165.74
CLT_007,2025-02-25 12:54:26.731638,72.85
CLT_008,2025-01-09 12:54:26.731638,190.2
CLT_008,2025-04-26 12:54:26.731638,571.66
CLT_008,2025-01-22 12:54:26.731638,461.15
CLT_008,2025-03-09 12:54:26.731638,227.94
CLT_008,2025-04-09 12:54:26.731638,181.59
CLT_008,2025-05-31 12:54:26.731638,137.81
CLT_009,2025-08-30 12:54:26.731638,118.91
CLT_009,2025-02-12 12:54:26.731638,141.4
CLT_009,2025-09-13 12:54:26.731638,129.55
CLT_009,2025-02-16 12:54:26.731638,68.61
CLT_009,2025-02-09 12:54:26.731638,157.06
CLT_009,2024-11-17 12:54:26.731638,170.02
CLT_009,2024-09-27 12:54:26.731638,127.62
CLT_010,2025-08-22 12:54:26.731638,127.53
CLT_010,2025-02-26 12:54:26.731638,497.64
CLT_010,2025-06-22 12:54:26.731638,701.48
CLT_010,2025-04-01 12:54:26.731638,83.27
CLT_010,2024-10-21 12:54:26.731638,233.67
CLT_010,2024-10-10 12:54:26.731638,127.35
CLT_010,2024-10-26 12:54:26.731638,165.53
CLT_010,2024-10-15 12:54:26.731638,118.51
CLT_010,2025-07-01 12:54:26.731638,162.51
CLT_010,2025-08-01 12:54:26.731638,139.72
CLT_010,2024-09-22 12:54:26.731638,339.37
CLT_010,2025-04-26 12:54:26.731638,144.12
CLT_010,2024-11-03 12:54:26.731638,113.79
CLT_011,2025-06-26 12:54:26.731638,157.02
CLT_011,2024-11-11 12:54:26.731638,75.81
CLT_011,2025-07-03 12:54:26.731638,127.69
CLT_011,2025-02-16 12:54:26.731638,658.61
CLT_011,2025-06-18 12:54:26.731638,122.57
CLT_011,2025-07-14 12:54:26.731638,29.91
CLT_011,2024-10-14 12:54:26.731638,143.39
CLT_012,2025-08-06 12:54:26.731638,59.99
CLT_012,2025-03-23 12:54:26.731638,180.07
CLT_012,2025-01-21 12:54:26.731638,99.36
CLT_012,2025-03-07 12:54:26.731638,149.78
CLT_012,2024-11-11 12:54:26.731638,168.32
CLT_012,2024-11-17 12:54:26.731638,94.45
CLT_012,2024-09-23 12:54:26.731638,100.43
CLT_012,2025-09-03 12:54:26.731638,141.9
CLT_012,2025-07-26 12:54:26.731638,303.81
CLT_012,2024-11-15 12:54:26.731638,201.41
CLT_013,2024-11-15 12:54:26.731638,42.56
CLT_013,2025-01-14 12:54:26.731638,102.84
CLT_013,2025-05-13 12:54:26.731638,226.11
CLT_013,2025-05-23 12:54:26.731638,654.87
CLT_014,2025-04-26 12:54:26.731638,464.39
CLT_014,2025-04-24 12:54:26.731638,213.6
CLT_014,2025-08-25 12:54:26.731638,107.37
CLT_015,2025-05-26 12:54:26.731638,57.61
CLT_015,2024-12-23 12:54:26.731638,70.92
CLT_015,2025-06-25 12:54:26.731638,143.11
CLT_015,2025-06-03 12:54:26.731638,597.07
CLT_016,2024-09-30 12:54:26.731638,518.91
CLT_016,2025-05-29 12:54:26.731638,427.04
CLT_016,2025-06-09 12:54:26.731638,130.38
CLT_016,2024-12-17 12:54:26.731638,118.58
CLT_016,2025-07-29 12:54:26.731638,34.18
CLT_016,2024-12-02 12:54:26.731638,160.64
CLT_016,2025-05-25 12:54:26.731638,151.48
CLT_016,2025-09-10 12:54:26.731638,30.62
CLT_016,2024-12-23 12:54:26.731638,58.97
CLT_017,2025-03-24 12:54:26.731638,438.31
CLT_017,2025-06-29 12:54:26.731638,169.2
CLT_017,2024-11-09 12:54:26.731638,79.09
CLT_017,2024-12-26 12:54:26.731638,224.62
CLT_017,2024-11-10 12:54:26.731638,85.04
CLT_017,2025-04-29 12:54:26.731638,498.68
CLT_017,2025-02-28 12:54:26.731638,78.73
CLT_017,2024-12-03 12:54:26.731638,103.93
CLT_017,2025-05-29 12:54:26.731638,48.03
CLT_018,2025-02-01 12:54:26.731638,100.83
CLT_018,2025-08-05 12:54:26.731638,134.49
CLT_018,2025-07-16 12:54:26.731638,110.64
CLT_018,2024-11-27 12:54:26.731638,10.0
CLT_019,2025-05-18 12:54:26.731638,102.42
CLT_019,2024-11-15 12:54:26.731638,152.38
CLT_019,2024-09-19 12:54:26.731638,146.8
CLT_019,2025-09-01 12:54:26.731638,47.72
CLT_020,2025-02-25 12:54:26.731638,77.79
CLT_020,2025-07-18 12:54:26.731638,131.2
CLT_020,2025-05-05 12:54:26.731638,120.63
CLT_021,2025-02-08 12:54:26.731638,180.02
CLT_021,2025-02-09 12:54:26.731638,210.8
CLT_021,2024-09-30 12:54:26.731638,112.84
CLT_022,2025-03-01 12:54:26.731638,89.97
CLT_022,2025-03-23 12:54:26.731638,80.09
CLT_023,2025-04-07 12:54:26.731638,53.11
CLT_023,2025-04-18 12:54:26.731638,87.69
CLT_024,2025-07-01 12:54:26.731638,99.82
CLT_024,2025-09-18 12:54:26.731638,709.94
CLT_024,2025-02-11 12:54:26.731638,97.63
CLT_024,2025-03-14 12:54:26.731638,89.21
CLT_024,2025-07-30 12:54:26.731638,191.81
CLT_025,2024-09-24 12:54:26.731638,201.94
CLT_025,2025-06-04 12:54:26.731638,131.26
CLT_025,2024-11-10 12:54:26.731638,97.5
CLT_025,2024-12-05 12:54:26.731638,151.14
CLT_026,2024-12-22 12:54:26.731638,536.35
CLT_026,2025-01-14 12:54:26.731638,222.37
CLT_026,2025-07-21 12:54:26.731638,223.04
CLT_026,2025-04-28 12:54:26.731638,207.77
CLT_026,2025-01-08 12:54:26.731638,189.84
CLT_027,2025-07-23 12:54:26.731638,100.5
CLT_027,2025-08-19 12:54:26.731638,169.08
CLT_027,2025-01-29 12:54:26.731638,136.54
CLT_027,2025-02-03 12:54:26.731638,34.83
CLT_027,2024-11-26 12:54:26.731638,117.22
CLT_027,2024-11-10 12:54:26.731638,138.78
CLT_027,2025-01-07 12:54:26.731638,294.26
CLT_027,2025-03-20 12:54:26.731638,200.59
CLT_028,2025-06-22 12:54:26.731638,378.06
CLT_028,2024-12-19 12:54:26.731638,122.54
CLT_028,2025-01-29 12:54:26.731638,95.57
CLT_028,2025-08-30 12:54:26.731638,101.27
CLT_028,2024-11-30 12:54:26.731638,377.2
CLT_028,2024-11-04 12:54:26.731638,162.57
CLT_028,2025-01-09 12:54:26.731638,88.98
CLT_029,2025-03-24 12:54:26.731638,148.83
CLT_029,2025-05-14 12:54:26.731638,135.56
CLT_029,2025-06-19 12:54:26.731638,39.68
CLT_029,2025-01-15 12:54:26.731638,130.17
CLT_029,2025-04-08 12:54:26.731638,41.97
CLT_029,2024-10-01 12:54:26.731638,130.33
CLT_029,2024-11-25 12:54:26.731638,105.09
CLT_030,2025-07-30 12:54:26.731638,228.64
CLT_030,2025-05-05 12:54:26.731638,109.69
CLT_030,2025-09-03 12:54:26.731638,158.31
CLT_030,2025-08-02 12:54:26.731638,128.7
CLT_030,2024-12-02 12:54:26.731638,165.39
CLT_030,2025-01-30 12:54:26.731638,209.76
CLT_030,2024-11-19 12:54:26.731638,116.27
CLT_030,2025-08-19 12:54:26.731638,182.1
CLT_031,2024-10-26 12:54:26.731638,115.71
CLT_031,2025-02-04 12:54:26.731638,164.1
CLT_031,2025-03-15 12:54:26.731638,35.76
CLT_031,2025-06-06 12:54:26.731638,409.7
CLT_031,2024-12-28 12:54:26.731638,614.04
CLT_031,2025-06-10 12:54:26.731638,10.0
CLT_031,2024-12-21 12:54:26.731638,380.47
CLT_032,2025-09-02 12:54:26.731638,410.82
CLT_032,2025-07-01 12:54:26.731638,149.42
CLT_032,2025-03-02 12:54:26.731638,134.49
CLT_032,2025-01-28 12:54:26.731638,223.77
CLT_032,2024-10-30 12:54:26.731638,107.49
CLT_032,2024-10-02 12:54:26.731638,185.05
CLT_032,2025-01-21 12:54:26.731638,120.92
CLT_032,2025-02-18 12:54:26.731638,203.82
CLT_032,2025-07-24 12:54:26.731638,75.76
CLT_033,2025-02-22 12:54:26.731638,543.04
CLT_033,2024-12-24 12:54:26.731638,95.16
CLT_033,2025-04-02 12:54:26.731638,139.39
CLT_033,2024-09-28 12:54:26.731638,99.69
CLT_033,2025-02-24 12:54:26.731638,133.03
CLT_033,2025-09-18 12:54:26.731638,693.05
CLT_033,2025-06-06 12:54:26.731638,97.77
CLT_034,2025-01-11 12:54:26.731638,38.39
CLT_034,2024-11-26 12:54:26.731638,134.05
CLT_035,2025-04-24 12:54:26.731638,242.29
CLT_035,2025-01-07 12:54:26.731638,126.46
CLT_035,2025-03-08 12:54:26.731638,209.11
CLT_035,2025-07-08 12:54:26.731638,149.51
CLT_035,2025-01-02 12:54:26.731638,88.51
CLT_036,2025-06-02 12:54:26.731638,472.48
CLT_036,2025-08-30 12:54:26.731638,122.79
CLT_036,2025-02-14 12:54:26.731638,174.71
CLT_037,2024-12-17 12:54:26.731638,55.5
CLT_037,2025-08-31 12:54:26.731638,55.25
CLT_037,2025-09-17 12:54:26.731638,143.58
CLT_037,2025-03-17 12:54:26.731638,43.51
CLT_037,2025-08-28 12:54:26.731638,84.08
CLT_038,2025-08-26 12:54:26.731638,635.88
CLT_038,2025-03-26 12:54:26.731638,340.96
CLT_038,2025-04-21 12:54:26.731638,64.1
CLT_038,2025-04-17 12:54:26.731638,232.82
CLT_038,2025-07-01 12:54:26.731638,91.32
CLT_039,2025-01-28 12:54:26.731638,288.87
CLT_039,2025-02-27 12:54:26.731638,81.11
CLT_039,2024-12-14 12:54:26.731638,181.11
CLT_039,2025-08-07 12:54:26.731638,11.28
CLT_039,2025-05-31 12:54:26.731638,514.81
CLT_039,2024-11-24 12:54:26.731638,113.48
CLT_039,2024-12-19 12:54:26.731638,107.98
CLT_040,2025-06-08 12:54:26.731638,101.26
CLT_040,2024-12-12 12:54:26.731638,548.92
CLT_040,2025-03-25 12:54:26.731638,57.44
CLT_040,2025-07-18 12:54:26.731638,170.26
CLT_040,2025-04-01 12:54:26.731638,94.63
CLT_040,2024-10-08 12:54:26.731638,182.33
CLT_040,2025-05-02 12:54:26.731638,11.51
CLT_040,2025-09-08 12:54:26.731638,92.75
CLT_041,2024-10-02 12:54:26.731638,139.96
CLT_041,2025-05-13 12:54:26.731638,150.87
CLT_041,2024-09-22 12:54:26.731638,319.97
CLT_041,2024-10-17 12:54:26.731638,255.56
CLT_041,2024-10-05 12:54:26.731638,147.59
CLT_042,2024-10-15 12:54:26.731638,132.8
CLT_042,2025-06-13 12:54:26.731638,169.13
CLT_042,2025-07-24 12:54:26.731638,476.28
CLT_043,2025-09-16 12:54:26.731638,620.99
CLT_043,2025-03-18 12:54:26.731638,89.42
CLT_043,2025-07-11 12:54:26.731638,49.67
CLT_044,2025-05-15 12:54:26.731638,91.22
CLT_044,2025-09-18 12:54:26.731638,518.3
CLT_044,2025-04-07 12:54:26.731638,118.25
CLT_044,2024-12-31 12:54:26.731638,208.54
CLT_044,2024-10-27 12:54:26.731638,453.83
CLT_044,2025-07-20 12:54:26.731638,401.17
CLT_044,2025-08-14 12:54:26.731638,76.57
CLT_044,2024-12-07 12:54:26.731638,122.24
CLT_045,2025-09-18 12:54:26.731638,125.17
CLT_045,2025-06-27 12:54:26.731638,93.28
CLT_045,2025-05-26 12:54:26.731638,137.88
CLT_045,2025-03-13 12:54:26.731638,411.91
CLT_045,2025-07-30 12:54:26.731638,176.45
CLT_045,2024-12-30 12:54:26.731638,487.94
CLT_045,2025-02-24 12:54:26.731638,77.21
CLT_046,2025-01-04 12:54:26.731638,257.09
CLT_046,2025-07-26 12:54:26.731638,98.12
CLT_046,2024-12-23 12:54:26.731638,60.68
CLT_046,2024-10-27 12:54:26.731638,496.36
CLT_046,2025-06-17 12:54:26.731638,92.24
CLT_046,2025-05-15 12:54:26.731638,106.68
CLT_046,2025-08-24 12:54:26.731638,86.77
CLT_046,2025-03-14 12:54:26.731638,298.33
CLT_046,2025-08-08 12:54:26.731638,74.07
CLT_047,2025-07-20 12:54:26.731638,87.57
CLT_047,2025-04-04 12:54:26.731638,160.09
CLT_047,2025-08-03 12:54:26.731638,235.49
CLT_048,2025-05-02 12:54:26.731638,86.81
CLT_048,2025-05-17 12:54:26.731638,143.43
CLT_048,2024-11-11 12:54:26.731638,145.41
CLT_048,2025-03-14 12:54:26.731638,151.57
CLT_048,2025-03-15 12:54:26.731638,242.69
CLT_048,2025-02-10 12:54:26.731638,417.17
CLT_048,2025-01-16 12:54:26.731638,151.65
CLT_049,2025-01-19 12:54:26.731638,542.88
CLT_049,2024-10-28 12:54:26.731638,136.72
CLT_049,2025-05-02 12:54:26.731638,51.03
CLT_049,2025-03-13 12:54:26.731638,83.45
CLT_050,2024-12-08 12:54:26.731638,506.49
CLT_050,2025-01-11 12:54:26.731638,171.52
CLT_050,2024-11-13 12:54:26.731638,175.19
CLT_051,2025-06-14 12:54:26.731638,126.63
CLT_051,2025-08-29 12:54:26.731638,135.89
CLT_051,2025-03-25 12:54:26.731638,405.57
CLT_051,2025-05-11 12:54:26.731638,172.01
CLT_051,2025-02-25 12:54:26.731638,115.26
CLT_052,2025-04-30 12:54:26.731638,597.88
CLT_052,2025-09-13 12:54:26.731638,25.37
CLT_052,2025-03-25 12:54:26.731638,466.82
CLT_052,2024-12-01 12:54:26.731638,129.49
CLT_052,2025-08-03 12:54:26.731638,147.86
CLT_053,2024-10-10 12:54:26.731638,84.81
CLT_053,2025-04-16 12:54:26.731638,92.05
CLT_053,2024-09-25 12:54:26.731638,556.58
CLT_053,2024-10-21 12:54:26.731638,198.28
CLT_053,2024-11-15 12:54:26.731638,490.14
CLT_053,2025-05-02 12:54:26.731638,47.6
CLT_053,2024-10-27 12:54:26.731638,10.06
CLT_054,2025-04-01 12:54:26.731638,108.88
CLT_054,2024-10-09 12:54:26.731638,62.65
CLT_054,2025-09-10 12:54:26.731638,43.72
CLT_054,2025-06-02 12:54:26.731638,85.4
CLT_054,2024-10-03 12:54:26.731638,137.69
CLT_055,2024-12-20 12:54:26.731638,105.6
CLT_055,2024-12-06 12:54:26.731638,101.49
CLT_055,2025-09-02 12:54:26.731638,503.5
CLT_055,2025-03-18 12:54:26.731638,201.91
CLT_055,2025-08-24 12:54:26.731638,195.05
CLT_056,2025-01-13 12:54:26.731638,134.82
CLT_056,2025-04-15 12:54:26.731638,493.87
CLT_057,2025-07-16 12:54:26.731638,166.99
CLT_057,2024-10-29 12:54:26.731638,162.3
CLT_057,2024-11-03 12:54:26.731638,860.3
CLT_057,2025-02-13 12:54:26.731638,118.87
CLT_058,2024-12-04 12:54:26.731638,349.76
CLT_058,2025-09-12 12:54:26.731638,105.94
CLT_058,2025-01-18 12:54:26.731638,95.33
CLT_058,2025-07-20 12:54:26.731638,97.75
CLT_058,2025-08-01 12:54:26.731638,122.98
CLT_059,2025-07-29 12:54:26.731638,87.65
CLT_059,2024-09-21 12:54:26.731638,466.71
CLT_059,2024-09-30 12:54:26.731638,59.27
CLT_059,2024-10-13 12:54:26.731638,68.42
CLT_059,2025-01-15 12:54:26.731638,93.54
CLT_059,2025-07-03 12:54:26.731638,206.38
CLT_059,2025-02-15 12:54:26.731638,141.82
CLT_059,2025-07-27 12:54:26.731638,63.61
CLT_060,2025-09-06 12:54:26.731638,148.21
CLT_060,2025-07-20 12:54:26.731638,166.64
CLT_061,2025-03-14 12:54:26.731638,163.66
CLT_061,2025-01-01 12:54:26.731638,114.73
CLT_061,2024-11-23 12:54:26.731638,209.04
CLT_061,2025-06-07 12:54:26.731638,56.14
CLT_062,2024-09-20 12:54:26.731638,267.68
CLT_062,2025-08-09 12:54:26.731638,365.92
CLT_062,2025-01-07 12:54:26.731638,113.02
CLT_062,2025-05-07 12:54:26.731638,62.22
CLT_062,2025-08-29 12:54:26.731638,135.96
CLT_062,2024-11-23 12:54:26.731638,120.84
CLT_062,2025-03-01 12:54:26.731638,115.31
CLT_063,2024-12-20 12:54:26.731638,107.04
CLT_063,2025-06-21 12:54:26.731638,181.68
CLT_063,2024-09-19 12:54:26.731638,55.17
CLT_064,2025-08-18 12:54:26.731638,273.11
CLT_064,2025-07-08 12:54:26.731638,156.63
CLT_064,2025-08-09 12:54:26.731638,487.89
CLT_064,2025-03-16 12:54:26.731638,520.9
CLT_064,2025-03-22 12:54:26.731638,142.63
CLT_064,2025-03-21 12:54:26.731638,224.42
CLT_064,2025-08-24 12:54:26.731638,479.06
CLT_064,2025-01-22 12:54:26.731638,73.08
CLT_064,2024-09-26 12:54:26.731638,152.21
CLT_065,2025-07-05 12:54:26.731638,117.42
CLT_065,2025-01-10 12:54:26.731638,129.83
CLT_065,2024-10-14 12:54:26.731638,97.55
CLT_065,2025-08-12 12:54:26.731638,123.37
CLT_066,2024-11-20 12:54:26.731638,170.26
CLT_066,2024-11-30 12:54:26.731638,462.14
CLT_066,2025-02-24 12:54:26.731638,107.79
CLT_066,2025-01-28 12:54:26.731638,168.2
CLT_066,2024-12-09 12:54:26.731638,159.5
CLT_066,2025-01-25 12:54:26.731638,441.29
CLT_066,2025-07-25 12:54:26.731638,175.46
CLT_066,2025-04-05 12:54:26.731638,46.9
CLT_067,2025-06-12 12:54:26.731638,174.48
CLT_067,2025-06-10 12:54:26.731638,196.7
CLT_067,2025-06-27 12:54:26.731638,124.48
CLT_067,2025-07-15 12:54:26.731638,60.93
CLT_067,2024-10-31 12:54:26.731638,149.74
CLT_068,2025-08-20 12:54:26.731638,162.67
CLT_068,2025-01-20 12:54:26.731638,60.67
CLT_069,2024-11-09 12:54:26.731638,196.54
CLT_069,2025-02-22 12:54:26.731638,24.39
CLT_069,2025-02-23 12:54:26.731638,139.84
CLT_070,2025-09-04 12:54:26.731638,92.98
CLT_070,2025-07-27 12:54:26.731638,145.68
CLT_070,2025-07-13 12:54:26.731638,78.87
CLT_071,2025-01-14 12:54:26.731638,112.48
CLT_071,2025-04-26 12:54:26.731638,144.98
CLT_071,2025-01-17 12:54:26.731638,55.18
CLT_071,2024-11-29 12:54:26.731638,39.09
CLT_072,2024-11-26 12:54:26.731638,556.26
CLT_072,2025-01-04 12:54:26.731638,110.74
CLT_072,2025-07-08 12:54:26.731638,113.51
CLT_072,2025-02-25 12:54:26.731638,156.71
CLT_072,2025-05-30 12:54:26.731638,297.18
CLT_072,2025-08-04 12:54:26.731638,379.45
CLT_072,2025-01-21 12:54:26.731638,201.96
CLT_073,2024-10-30 12:54:26.731638,82.57
CLT_073,2025-05-05 12:54:26.731638,163.41
CLT_073,2024-11-30 12:54:26.731638,87.54
CLT_073,2025-04-02 12:54:26.731638,58.8
CLT_074,2024-11-24 12:54:26.731638,61.37
CLT_074,2025-08-10 12:54:26.731638,314.98
CLT_074,2025-03-09 12:54:26.731638,203.63
CLT_074,2025-07-01 12:54:26.731638,140.95
CLT_074,2025-02-15 12:54:26.731638,70.47
CLT_075,2025-02-01 12:54:26.731638,151.47
CLT_075,2025-02-09 12:54:26.731638,82.34
CLT_075,2025-07-01 12:54:26.731638,159.47
CLT_075,2025-05-07 12:54:26.731638,127.77
CLT_076,2025-02-16 12:54:26.731638,243.29
CLT_076,2024-11-23 12:54:26.731638,58.98
CLT_077,2025-05-20 12:54:26.731638,84.07
CLT_077,2025-05-15 12:54:26.731638,229.6
CLT_077,2025-02-23 12:54:26.731638,154.03
CLT_077,2025-02-23 12:54:26.731638,101.93
CLT_077,2024-10-02 12:54:26.731638,432.48
CLT_077,2025-02-28 12:54:26.731638,344.51
CLT_077,2025-06-21 12:54:26.731638,185.65
CLT_077,2025-06-11 12:54:26.731638,118.75
CLT_078,2025-01-13 12:54:26.731638,622.66
CLT_078,2024-10-13 12:54:26.731638,132.09
CLT_078,2024-10-19 12:54:26.731638,71.52
CLT_078,2025-02-11 12:54:26.731638,122.45
CLT_078,2025-02-16 12:54:26.731638,465.39
CLT_079,2025-06-12 12:54:26.731638,45.21
CLT_079,2024-12-10 12:54:26.731638,632.32
CLT_079,2025-02-14 12:54:26.731638,407.99
CLT_080,2025-07-23 12:54:26.731638,104.88
CLT_080,2025-05-07 12:54:26.731638,98.37
CLT_080,2025-06-01 12:54:26.731638,699.06
CLT_080,2024-09-25 12:54:26.731638,54.15
CLT_080,2024-12-13 12:54:26.731638,116.26
CLT_080,2025-03-20 12:54:26.731638,100.42
CLT_081,2025-04-19 12:54:26.731638,119.24
CLT_081,2025-04-19 12:54:26.731638,291.81
CLT_081,2025-03-28 12:54:26.731638,81.89
CLT_081,2025-06-01 12:54:26.731638,321.04
CLT_082,2025-01-09 12:54:26.731638,118.0
CLT_082,2024-10-05 12:54:26.731638,110.11
CLT_082,2025-05-18 12:54:26.731638,443.04
CLT_082,2025-05-08 12:54:26.731638,190.53
CLT_082,2025-04-20 12:54:26.731638,180.72
CLT_082,2024-12-06 12:54:26.731638,170.54
CLT_083,2025-04-06 12:54:26.731638,480.42
CLT_083,2024-10-31 12:54:26.731638,113.85
CLT_083,2024-10-05 12:54:26.731638,124.71
CLT_084,2025-06-06 12:54:26.731638,80.1
CLT_084,2025-04-26 12:54:26.731638,112.76
CLT_084,2025-02-01 12:54:26.731638,48.91
CLT_084,2024-11-06 12:54:26.731638,195.07
CLT_084,2025-08-08 12:54:26.731638,142.79
CLT_084,2025-03-27 12:54:26.731638,228.25
CLT_085,2025-06-14 12:54:26.731638,157.29
CLT_085,2025-05-02 12:54:26.731638,589.01
CLT_085,2025-06-16 12:54:26.731638,375.64
CLT_086,2025-04-19 12:54:26.731638,130.09
CLT_086,2025-03-11 12:54:26.731638,611.93
CLT_086,2025-06-13 12:54:26.731638,101.99
CLT_086,2024-10-06 12:54:26.731638,138.62
CLT_087,2025-02-15 12:54:26.731638,199.96
CLT_087,2024-10-10 12:54:26.731638,92.99
CLT_088,2024-11-01 12:54:26.731638,135.7
CLT_088,2025-03-08 12:54:26.731638,153.0
CLT_088,2025-01-14 12:54:26.731638,191.76
CLT_088,2024-10-18 12:54:26.731638,184.49
CLT_089,2025-01-25 12:54:26.731638,153.66
CLT_089,2024-09-21 12:54:26.731638,109.55
CLT_090,2024-10-01 12:54:26.731638,77.47
CLT_090,2024-12-13 12:54:26.731638,135.62
CLT_090,2024-10-02 12:54:26.731638,135.97
CLT_090,2024-10-08 12:54:26.731638,97.29
CLT_090,2025-07-27 12:54:26.731638,78.98
CLT_090,2025-03-23 12:54:26.731638,206.35
CLT_091,2024-10-26 12:54:26.731638,440.05
CLT_091,2025-03-25 12:54:26.731638,129.06
CLT_091,2024-09-22 12:54:26.731638,78.21
CLT_091,2024-09-21 12:54:26.731638,731.32
CLT_091,2025-05-30 12:54:26.731638,220.3
CLT_092,2025-08-03 12:54:26.731638,474.47
CLT_092,2024-10-18 12:54:26.731638,97.34
CLT_092,2025-01-13 12:54:26.731638,10.0
CLT_093,2025-01-12 12:54:26.731638,620.14
CLT_093,2025-05-27 12:54:26.731638,74.64
CLT_093,2025-02-26 12:54:26.731638,172.83
CLT_094,2025-08-09 12:54:26.731638,288.38
CLT_094,2025-01-03 12:54:26.731638,323.83
CLT_094,2025-05-30 12:54:26.731638,141.44
CLT_094,2024-11-08 12:54:26.731638,129.87
CLT_094,2024-10-23 12:54:26.731638,145.68
CLT_094,2024-12-01 12:54:26.731638,93.36
CLT_095,2025-07-12 12:54:26.731638,350.24
CLT_095,2024-10-19 12:54:26.731638,135.09
CLT_095,2024-10-24 12:54:26.731638,632.95
CLT_095,2025-08-20 12:54:26.731638,85.37
CLT_095,2025-01-02 12:54:26.731638,84.11
CLT_095,2025-05-04 12:54:26.731638,427.35
CLT_096,2024-09-25 12:54:26.731638,618.05
CLT_096,2025-04-09 12:54:26.731638,75.44
CLT_096,2025-02-08 12:54:26.731638,177.99
CLT_097,2025-07-20 12:54:26.731638,101.15
CLT_097,2025-08-29 12:54:26.731638,78.84
CLT_097,2024-12-13 12:54:26.731638,111.79
CLT_097,2024-12-08 12:54:26.731638,95.4
CLT_097,2024-10-31 12:54:26.731638,290.51
CLT_097,2024-12-13 12:54:26.731638,53.11
CLT_098,2025-02-09 12:54:26.731638,147.58
CLT_098,2025-01-21 12:54:26.731638,167.22
CLT_098,2025-07-09 12:54:26.731638,85.54
CLT_098,2025-02-03 12:54:26.731638,119.32
CLT_098,2024-10-20 12:54:26.731638,192.87
CLT_099,2025-04-19 12:54:26.731638,95.13
CLT_099,2025-03-05 12:54:26.731638,85.57
CLT_099,2024-10-14 12:54:26.731638,75.61
CLT_099,2024-11-01 12:54:26.731638,125.74
CLT_100,2024-12-01 12:54:26.731638,690.59
CLT_100,2024-12-12 12:54:26.731638,84.63
CLT_100,2024-11-04 12:54:26.731638,507.3
CLT_100,2025-07-31 12:54:26.731638,167.84
CLT_100,2025-06-13 12:54:26.731638,265.15
CLT_100,2025-06-28 12:54:26.731638,184.89
CLT_100,2024-10-28 12:54:26.731638,98.68
CLT_101,2025-07-17 12:54:26.731638,124.48
CLT_101,2025-01-25 12:54:26.731638,66.88
CLT_101,2024-12-29 12:54:26.731638,141.42
CLT_101,2024-11-16 12:54:26.731638,504.91
CLT_101,2025-09-06 12:54:26.731638,459.96
CLT_101,2025-02-19 12:54:26.731638,379.19
CLT_101,2025-06-10 12:54:26.731638,149.82
CLT_102,2025-01-27 12:54:26.731638,38.8
CLT_102,2025-02-21 12:54:26.731638,128.08
CLT_102,2025-03-27 12:54:26.731638,162.85
CLT_102,2025-07-22 12:54:26.731638,111.55
CLT_102,2025-07-29 12:54:26.731638,217.19
CLT_102,2025-06-18 12:54:26.731638,38.85
CLT_102,2025-02-04 12:54:26.731638,95.55
CLT_103,2024-11-04 12:54:26.731638,544.6
CLT_104,2025-03-28 12:54:26.731638,424.53
CLT_104,2025-02-07 12:54:26.731638,192.2
CLT_104,2024-10-27 12:54:26.731638,162.96
CLT_104,2025-04-25 12:54:26.731638,137.31
CLT_104,2024-12-18 12:54:26.731638,54.32
CLT_104,2025-08-12 12:54:26.731638,413.11
CLT_104,2025-02-12 12:54:26.731638,110.62
CLT_105,2025-06-20 12:54:26.731638,72.87
CLT_105,2025-03-10 12:54:26.731638,73.23
CLT_105,2025-01-17 12:54:26.731638,174.3
CLT_105,2025-01-16 12:54:26.731638,74.46
CLT_105,2025-07-01 12:54:26.731638,513.78
CLT_106,2025-08-18 12:54:26.731638,141.42
CLT_106,2025-01-06 12:54:26.731638,164.96
CLT_106,2025-01-16 12:54:26.731638,484.33
CLT_106,2025-02-23 12:54:26.731638,111.56
CLT_107,2025-03-09 12:54:26.731638,646.28
CLT_107,2025-04-22 12:54:26.731638,145.05
CLT_107,2024-09-26 12:54:26.731638,29.5
CLT_107,2024-12-03 12:54:26.731638,85.6
CLT_107,2024-10-03 12:54:26.731638,113.13
CLT_108,2024-12-03 12:54:26.731638,167.64
CLT_108,2025-08-26 12:54:26.731638,109.62
CLT_108,2025-09-14 12:54:26.731638,32.5
CLT_108,2024-12-14 12:54:26.731638,125.31
CLT_108,2025-06-28 12:54:26.731638,429.57
CLT_108,2025-09-15 12:54:26.731638,108.99
CLT_109,2024-11-06 12:54:26.731638,189.82
CLT_109,2025-03-27 12:54:26.731638,95.75
CLT_109,2025-07-10 12:54:26.731638,158.77
CLT_109,2025-03-29 12:54:26.731638,138.87
CLT_110,2025-07-22 12:54:26.731638,110.98
CLT_110,2025-03-20 12:54:26.731638,215.06
CLT_110,2025-02-12 12:54:26.731638,116.97
CLT_111,2025-05-16 12:54:26.731638,154.39
CLT_111,2025-03-11 12:54:26.731638,562.95
CLT_111,2025-04-21 12:54:26.731638,443.45
CLT_111,2025-08-08 12:54:26.731638,148.79
CLT_111,2025-01-23 12:54:26.731638,129.67
CLT_111,2024-12-11 12:54:26.731638,79.07
CLT_112,2024-11-08 12:54:26.731638,167.66
CLT_112,2024-12-11 12:54:26.731638,134.36
CLT_112,2025-01-13 12:54:26.731638,122.92
CLT_112,2025-07-11 12:54:26.731638,82.76
CLT_112,2025-06-13 12:54:26.731638,253.91
CLT_112,2025-09-10 12:54:26.731638,427.15
CLT_112,2024-11-06 12:54:26.731638,186.79
CLT_112,2025-07-09 12:54:26.731638,112.96
CLT_113,2025-09-07 12:54:26.731638,229.54
CLT_113,2024-10-29 12:54:26.731638,51.07
CLT_113,2025-09-13 12:54:26.731638,116.09
CLT_113,2025-03-04 12:54:26.731638,102.72
CLT_113,2025-02-21 12:54:26.731638,71.78
CLT_113,2025-02-22 12:54:26.731638,98.49
CLT_114,2025-01-22 12:54:26.731638,181.11
CLT_115,2025-08-09 12:54:26.731638,125.56
CLT_115,2025-08-28 12:54:26.731638,114.89
CLT_115,2025-02-20 12:54:26.731638,140.46
CLT_116,2025-01-18 12:54:26.731638,485.98
CLT_116,2024-12-14 12:54:26.731638,131.45
CLT_116,2025-06-19 12:54:26.731638,114.63
CLT_116,2025-01-05 12:54:26.731638,142.39
CLT_116,2025-06-23 12:54:26.731638,129.17
CLT_117,2025-08-25 12:54:26.731638,60.99
CLT_117,2024-10-09 12:54:26.731638,21.04
CLT_117,2024-12-19 12:54:26.731638,157.4
CLT_117,2025-01-21 12:54:26.731638,109.74
CLT_117,2025-06-18 12:54:26.731638,236.71
CLT_117,2025-08-22 12:54:26.731638,218.03
CLT_118,2025-02-10 12:54:26.731638,176.37
CLT_118,2025-02-12 12:54:26.731638,749.67
CLT_119,2025-05-22 12:54:26.731638,198.1
CLT_119,2024-09-23 12:54:26.731638,151.08
CLT_120,2024-12-29 12:54:26.731638,101.52
CLT_120,2025-04-22 12:54:26.731638,157.1
CLT_120,2025-05-18 12:54:26.731638,129.37
CLT_120,2025-04-25 12:54:26.731638,146.06
CLT_120,2025-06-05 12:54:26.731638,152.26
CLT_120,2025-02-28 12:54:26.731638,178.29
CLT_120,2025-09-05 12:54:26.731638,109.78
CLT_121,2025-03-26 12:54:26.731638,119.06
CLT_121,2025-09-02 12:54:26.731638,441.72
CLT_122,2025-06-27 12:54:26.731638,156.25
CLT_122,2024-09-19 12:54:26.731638,577.43
CLT_122,2025-02-06 12:54:26.731638,154.86
CLT_122,2025-01-23 12:54:26.731638,179.12
CLT_122,2024-10-23 12:54:26.731638,118.67
CLT_122,2025-06-05 12:54:26.731638,75.91
CLT_122,2025-09-11 12:54:26.731638,225.47
CLT_122,2025-03-10 12:54:26.731638,159.23
CLT_122,2024-11-02 12:54:26.731638,25.32
CLT_122,2025-02-10 12:54:26.731638,130.66
CLT_123,2024-10-01 12:54:26.731638,141.32
CLT_123,2025-04-21 12:54:26.731638,103.05
CLT_123,2024-11-12 12:54:26.731638,106.77
CLT_124,2025-08-21 12:54:26.731638,19.81
CLT_124,2024-10-20 12:54:26.731638,210.03
CLT_124,2024-11-09 12:54:26.731638,181.95
CLT_124,2024-10-02 12:54:26.731638,81.65
CLT_124,2025-08-19 12:54:26.731638,68.29
CLT_124,2025-03-28 12:54:26.731638,533.95
CLT_125,2025-05-17 12:54:26.731638,141.37
CLT_125,2025-02-19 12:54:26.731638,164.25
CLT_125,2024-12-15 12:54:26.731638,130.45
CLT_125,2025-08-09 12:54:26.731638,111.53
CLT_125,2025-02-02 12:54:26.731638,127.48
CLT_125,2024-12-27 12:54:26.731638,114.38
CLT_126,2025-07-31 12:54:26.731638,152.06
CLT_126,2025-01-16 12:54:26.731638,99.28
CLT_126,2025-05-11 12:54:26.731638,89.57
CLT_126,2024-10-12 12:54:26.731638,124.43
CLT_127,2024-12-28 12:54:26.731638,129.87
CLT_127,2025-09-12 12:54:26.731638,47.81
CLT_127,2025-02-11 12:54:26.731638,10.0
CLT_127,2025-05-03 12:54:26.731638,181.76
CLT_128,2025-02-27 12:54:26.731638,104.0
CLT_128,2025-06-09 12:54:26.731638,76.52
CLT_128,2025-02-14 12:54:26.731638,176.27
CLT_128,2025-07-25 12:54:26.731638,450.71
CLT_128,2025-05-03 12:54:26.731638,150.16
CLT_128,2024-11-06 12:54:26.731638,238.42
CLT_128,2024-11-10 12:54:26.731638,125.95
CLT_129,2025-01-07 12:54:26.731638,107.26
CLT_129,2024-10-17 12:54:26.731638,142.18
CLT_129,2025-05-04 12:54:26.731638,711.78
CLT_129,2025-01-15 12:54:26.731638,92.45
CLT_129,2025-03-12 12:54:26.731638,81.84
CLT_130,2025-02-18 12:54:26.731638,126.79
CLT_130,2024-09-25 12:54:26.731638,169.43
CLT_130,2025-01-31 12:54:26.731638,52.43
CLT_130,2025-07-22 12:54:26.731638,526.0
CLT_131,2025-02-22 12:54:26.731638,132.2
CLT_131,2025-04-11 12:54:26.731638,85.25
CLT_131,2024-12-17 12:54:26.731638,117.94
CLT_131,2025-01-15 12:54:26.731638,121.04
CLT_132,2025-04-05 12:54:26.731638,534.61
CLT_132,2024-10-14 12:54:26.731638,63.14
CLT_132,2025-03-18 12:54:26.731638,73.03
CLT_133,2025-03-11 12:54:26.731638,374.73
CLT_133,2024-11-11 12:54:26.731638,224.48
CLT_133,2025-05-02 12:54:26.731638,221.18
CLT_133,2025-07-09 12:54:26.731638,120.34
CLT_133,2025-04-16 12:54:26.731638,111.49
CLT_133,2024-09-21 12:54:26.731638,302.89
CLT_133,2024-12-20 12:54:26.731638,135.08
CLT_133,2025-04-15 12:54:26.731638,154.4
CLT_134,2024-12-16 12:54:26.731638,94.72
CLT_134,2025-02-19 12:54:26.731638,414.11
CLT_134,2025-01-04 12:54:26.731638,121.33
CLT_134,2025-05-23 12:54:26.731638,148.6
CLT_134,2025-09-15 12:54:26.731638,71.93
CLT_134,2025-08-05 12:54:26.731638,161.54
CLT_134,2024-12-08 12:54:26.731638,722.62
CLT_134,2024-12-13 12:54:26.731638,137.78
CLT_134,2024-12-01 12:54:26.731638,164.73
CLT_134,2025-05-31 12:54:26.731638,14.17
CLT_135,2024-12-28 12:54:26.731638,164.19
CLT_135,2025-03-10 12:54:26.731638,467.33
CLT_135,2025-06-10 12:54:26.731638,1024.38
CLT_135,2025-08-11 12:54:26.731638,46.83
CLT_136,2024-12-18 12:54:26.731638,79.8
CLT_136,2025-03-30 12:54:26.731638,611.91
CLT_136,2025-09-07 12:54:26.731638,101.77
CLT_136,2025-06-01 12:54:26.731638,46.92
CLT_136,2025-02-14 12:54:26.731638,79.74
CLT_136,2025-03-25 12:54:26.731638,167.89
CLT_136,2025-08-11 12:54:26.731638,191.01
CLT_136,2025-06-24 12:54:26.731638,93.26
CLT_137,2024-12-30 12:54:26.731638,292.83
CLT_137,2025-06-16 12:54:26.731638,189.26
CLT_137,2025-04-01 12:54:26.731638,634.92
CLT_137,2024-10-12 12:54:26.731638,157.23
CLT_138,2025-05-30 12:54:26.731638,241.12
CLT_138,2025-03-25 12:54:26.731638,162.89
CLT_138,2025-09-10 12:54:26.731638,90.89
CLT_138,2024-12-12 12:54:26.731638,90.6
CLT_138,2024-09-21 12:54:26.731638,175.35
CLT_139,2025-03-22 12:54:26.731638,74.64
CLT_139,2024-11-04 12:54:26.731638,192.99
CLT_139,2025-05-17 12:54:26.731638,33.99
CLT_139,2025-07-02 12:54:26.731638,32.58
CLT_139,2024-09-28 12:54:26.731638,126.65
CLT_139,2025-06-18 12:54:26.731638,172.6
CLT_139,2025-09-10 12:54:26.731638,350.29
CLT_140,2025-05-27 12:54:26.731638,444.77
CLT_140,2025-08-24 12:54:26.731638,97.01
CLT_140,2024-09-21 12:54:26.731638,610.61
CLT_140,2025-01-05 12:54:26.731638,177.06
CLT_140,2024-11-22 12:54:26.731638,184.57
CLT_140,2025-09-05 12:54:26.731638,10.0
CLT_140,2025-08-23 12:54:26.731638,132.8
CLT_140,2025-07-04 12:54:26.731638,103.84
CLT_140,2025-03-26 12:54:26.731638,508.09
CLT_140,2025-03-05 12:54:26.731638,938.5
CLT_140,2025-03-30 12:54:26.731638,68.15
CLT_140,2025-05-16 12:54:26.731638,117.59
CLT_141,2025-02-16 12:54:26.731638,120.32
CLT_141,2025-08-12 12:54:26.731638,187.64
CLT_141,2025-01-10 12:54:26.731638,101.54
CLT_141,2025-01-09 12:54:26.731638,521.51
CLT_142,2024-11-16 12:54:26.731638,107.71
CLT_142,2025-04-20 12:54:26.731638,89.29
CLT_142,2024-11-04 12:54:26.731638,92.05
CLT_142,2025-04-21 12:54:26.731638,137.0
CLT_142,2025-07-25 12:54:26.731638,118.64
CLT_142,2025-04-08 12:54:26.731638,459.91
CLT_143,2025-04-10 12:54:26.731638,558.59
CLT_143,2025-07-06 12:54:26.731638,242.7
CLT_143,2025-01-20 12:54:26.731638,79.13
CLT_143,2025-07-10 12:54:26.731638,565.35
CLT_143,2025-05-06 12:54:26.731638,764.86
CLT_143,2024-12-11 12:54:26.731638,405.82
CLT_144,2024-11-16 12:54:26.731638,109.25
CLT_144,2025-06-23 12:54:26.731638,133.84
CLT_144,2024-10-13 12:54:26.731638,292.63
CLT_144,2024-09-25 12:54:26.731638,197.04
CLT_144,2025-03-01 12:54:26.731638,156.12
CLT_144,2024-11-03 12:54:26.731638,365.82
CLT_144,2025-07-03 12:54:26.731638,118.75
CLT_144,2025-06-28 12:54:26.731638,225.28
CLT_145,2024-11-30 12:54:26.731638,218.27
CLT_145,2025-04-18 12:54:26.731638,146.99
CLT_145,2024-10-27 12:54:26.731638,553.88
CLT_145,2024-11-04 12:54:26.731638,585.19
CLT_145,2025-05-01 12:54:26.731638,74.19
CLT_146,2025-07-19 12:54:26.731638,78.41
CLT_146,2025-08-22 12:54:26.731638,49.98
CLT_146,2025-09-11 12:54:26.731638,130.34
CLT_146,2024-12-18 12:54:26.731638,110.75
CLT_146,2024-11-30 12:54:26.731638,89.02
CLT_147,2025-03-24 12:54:26.731638,53.07
CLT_147,2025-03-25 12:54:26.731638,154.65
CLT_147,2025-03-05 12:54:26.731638,146.92
CLT_147,2024-12-19 12:54:26.731638,129.21
CLT_147,2024-11-20 12:54:26.731638,100.64
CLT_148,2025-08-08 12:54:26.731638,117.73
CLT_148,2025-01-25 12:54:26.731638,207.46
CLT_148,2024-12-29 12:54:26.731638,347.26
CLT_149,2024-10-09 12:54:26.731638,160.44
CLT_149,2024-12-10 12:54:26.731638,581.97
CLT_150,2025-06-22 12:54:26.731638,95.36
CLT_150,2024-11-12 12:54:26.731638,148.47
CLT_150,2024-10-24 12:54:26.731638,49.49
CLT_150,2025-08-20 12:54:26.731638,80.97
CLT_151,2025-01-14 12:54:26.731638,103.79
CLT_151,2025-07-28 12:54:26.731638,620.44
CLT_151,2025-06-30 12:54:26.731638,199.74
CLT_151,2025-01-08 12:54:26.731638,404.17
CLT_152,2025-01-30 12:54:26.731638,138.71
CLT_153,2025-02-27 12:54:26.731638,28.07
CLT_153,2024-10-16 12:54:26.731638,94.58
CLT_153,2025-01-23 12:54:26.731638,86.96
CLT_153,2025-02-17 12:54:26.731638,15.39
CLT_153,2024-10-07 12:54:26.731638,190.64
CLT_153,2025-03-12 12:54:26.731638,89.11
CLT_154,2024-11-05 12:54:26.731638,66.91
CLT_154,2025-08-04 12:54:26.731638,137.73
CLT_154,2024-10-05 12:54:26.731638,117.75
CLT_155,2024-10-05 12:54:26.731638,74.67
CLT_155,2024-10-17 12:54:26.731638,205.47
CLT_155,2025-06-27 12:54:26.731638,182.22
CLT_155,2024-12-13 12:54:26.731638,126.6
CLT_155,2025-09-17 12:54:26.731638,108.05
CLT_156,2024-10-18 12:54:26.731638,191.51
CLT_156,2025-02-11 12:54:26.731638,106.21
CLT_156,2025-03-22 12:54:26.731638,167.03
CLT_156,2025-08-19 12:54:26.731638,408.99
CLT_157,2025-03-19 12:54:26.731638,130.56
CLT_157,2024-10-28 12:54:26.731638,409.29
CLT_157,2025-08-15 12:54:26.731638,10.0
CLT_157,2025-01-03 12:54:26.731638,175.51
CLT_157,2025-06-01 12:54:26.731638,99.77
CLT_157,2025-09-01 12:54:26.731638,125.2
CLT_158,2025-04-17 12:54:26.731638,91.05
CLT_158,2024-10-17 12:54:26.731638,58.43
CLT_158,2025-04-21 12:54:26.731638,185.37
CLT_158,2025-06-22 12:54:26.731638,129.53
CLT_158,2024-11-19 12:54:26.731638,641.2
CLT_158,2025-03-07 12:54:26.731638,79.75
CLT_159,2025-08-30 12:54:26.731638,195.27
CLT_159,2025-08-02 12:54:26.731638,166.33
CLT_159,2025-05-15 12:54:26.731638,65.07
CLT_159,2025-04-28 12:54:26.731638,184.87
CLT_159,2025-01-06 12:54:26.731638,125.72
CLT_159,2025-09-09 12:54:26.731638,112.17
CLT_159,2025-08-10 12:54:26.731638,185.42
CLT_159,2025-09-10 12:54:26.731638,99.47
CLT_159,2025-03-02 12:54:26.731638,94.63
CLT_160,2025-01-16 12:54:26.731638,102.23
CLT_160,2025-03-24 12:54:26.731638,191.03
CLT_160,2025-05-31 12:54:26.731638,96.54
CLT_161,2025-06-21 12:54:26.731638,152.23
CLT_161,2025-07-02 12:54:26.731638,242.47
CLT_162,2025-07-19 12:54:26.731638,61.18
CLT_162,2024-12-13 12:54:26.731638,593.31
CLT_162,2025-09-09 12:54:26.731638,699.34
CLT_162,2025-04-13 12:54:26.731638,32.43
CLT_162,2025-08-23 12:54:26.731638,43.62
CLT_162,2024-11-18 12:54:26.731638,164.21
CLT_163,2024-10-16 12:54:26.731638,178.49
CLT_163,2025-07-30 12:54:26.731638,104.95
CLT_163,2025-05-22 12:54:26.731638,10.0
CLT_163,2025-03-03 12:54:26.731638,116.69
CLT_163,2025-02-20 12:54:26.731638,87.35
CLT_164,2025-08-23 12:54:26.731638,102.25
CLT_164,2024-12-31 12:54:26.731638,183.92
CLT_164,2025-04-20 12:54:26.731638,151.87
CLT_164,2025-01-08 12:54:26.731638,489.97
CLT_164,2024-11-16 12:54:26.731638,140.74
CLT_164,2025-04-28 12:54:26.731638,143.16
CLT_164,2025-02-21 12:54:26.731638,64.84
CLT_165,2024-09-26 12:54:26.731638,453.12
CLT_165,2025-04-15 12:54:26.731638,63.47
CLT_165,2024-11-02 12:54:26.731638,151.14
CLT_165,2025-02-20 12:54:26.731638,164.77
CLT_165,2025-03-16 12:54:26.731638,405.26
CLT_165,2025-05-10 12:54:26.731638,201.27
CLT_166,2025-06-18 12:54:26.731638,190.38
CLT_166,2025-09-03 12:54:26.731638,191.72
CLT_166,2024-11-28 12:54:26.731638,132.86
CLT_166,2025-07-05 12:54:26.731638,114.42
CLT_166,2024-12-11 12:54:26.731638,81.45
CLT_167,2024-11-17 12:54:26.731638,49.25
CLT_167,2024-10-01 12:54:26.731638,305.02
CLT_167,2024-12-28 12:54:26.731638,529.89
CLT_167,2025-03-03 12:54:26.731638,134.34
CLT_167,2025-06-23 12:54:26.731638,148.66
CLT_167,2024-12-23 12:54:26.731638,232.12
CLT_167,2025-03-29 12:54:26.731638,61.72
CLT_168,2025-07-28 12:54:26.731638,120.9
CLT_168,2025-03-18 12:54:26.731638,206.94
CLT_168,2025-03-13 12:54:26.731638,103.94
CLT_168,2025-01-02 12:54:26.731638,181.19
CLT_169,2025-04-17 12:54:26.731638,126.84
CLT_169,2025-05-25 12:54:26.731638,34.81
CLT_169,2025-04-02 12:54:26.731638,73.78
CLT_169,2025-04-30 12:54:26.731638,539.29
CLT_169,2025-03-25 12:54:26.731638,57.24
CLT_169,2024-12-22 12:54:26.731638,76.09
CLT_169,2025-03-28 12:54:26.731638,168.1
CLT_170,2025-05-02 12:54:26.731638,189.09
CLT_170,2025-05-23 12:54:26.731638,213.65
CLT_170,2025-03-22 12:54:26.731638,104.76
CLT_171,2025-07-02 12:54:26.731638,156.95
CLT_171,2025-05-26 12:54:26.731638,194.7
CLT_171,2024-11-02 12:54:26.731638,146.4
CLT_171,2025-01-10 12:54:26.731638,302.1
CLT_172,2025-04-25 12:54:26.731638,408.81
CLT_172,2025-03-11 12:54:26.731638,157.11
CLT_172,2024-09-20 12:54:26.731638,169.94
CLT_172,2025-07-01 12:54:26.731638,93.69
CLT_173,2025-02-14 12:54:26.731638,708.25
CLT_173,2025-08-21 12:54:26.731638,158.41
CLT_174,2025-07-28 12:54:26.731638,130.77
CLT_174,2025-03-19 12:54:26.731638,152.46
CLT_174,2025-04-14 12:54:26.731638,157.87
CLT_175,2024-11-29 12:54:26.731638,164.05
CLT_175,2024-10-30 12:54:26.731638,197.8
CLT_176,2024-11-13 12:54:26.731638,124.9
CLT_176,2025-05-09 12:54:26.731638,184.79
CLT_176,2025-02-04 12:54:26.731638,58.35
CLT_176,2024-12-31 12:54:26.731638,69.84
CLT_176,2025-02-21 12:54:26.731638,65.23
CLT_177,2025-06-14 12:54:26.731638,581.91
CLT_177,2025-07-03 12:54:26.731638,79.32
CLT_177,2024-12-10 12:54:26.731638,23.22
CLT_177,2025-09-08 12:54:26.731638,627.53
CLT_177,2025-04-16 12:54:26.731638,97.28
CLT_177,2024-12-24 12:54:26.731638,96.58
CLT_178,2025-03-21 12:54:26.731638,62.27
CLT_178,2025-02-07 12:54:26.731638,133.21
CLT_179,2025-06-28 12:54:26.731638,608.78
CLT_179,2025-06-16 12:54:26.731638,100.25
CLT_179,2025-03-12 12:54:26.731638,148.77
CLT_180,2025-02-14 12:54:26.731638,131.47
CLT_180,2025-07-09 12:54:26.731638,205.63
CLT_180,2025-05-26 12:54:26.731638,616.37
CLT_180,2024-11-27 12:54:26.731638,188.6
CLT_180,2025-01-08 12:54:26.731638,122.15
CLT_180,2025-02-14 12:54:26.731638,107.17
CLT_180,2025-04-20 12:54:26.731638,82.93
CLT_181,2025-03-18 12:54:26.731638,203.04
CLT_181,2024-11-13 12:54:26.731638,286.31
CLT_181,2024-11-16 12:54:26.731638,142.14
CLT_181,2025-09-13 12:54:26.731638,563.5
CLT_181,2025-08-16 12:54:26.731638,224.04
CLT_182,2025-03-23 12:54:26.731638,98.46
CLT_182,2024-11-09 12:54:26.731638,478.09
CLT_182,2025-06-23 12:54:26.731638,49.18
CLT_182,2025-03-28 12:54:26.731638,152.66
CLT_182,2025-08-19 12:54:26.731638,11.78
CLT_182,2024-09-26 12:54:26.731638,450.71
CLT_183,2025-03-03 12:54:26.731638,181.69
CLT_183,2024-10-02 12:54:26.731638,116.77
CLT_184,2024-11-15 12:54:26.731638,94.51
CLT_184,2024-09-23 12:54:26.731638,121.72
CLT_184,2025-04-04 12:54:26.731638,43.21
CLT_184,2025-05-25 12:54:26.731638,174.54
CLT_184,2024-10-01 12:54:26.731638,123.8
CLT_184,2024-11-20 12:54:26.731638,39.5
CLT_185,2024-11-01 12:54:26.731638,41.93
CLT_185,2025-09-16 12:54:26.731638,188.99
CLT_185,2025-09-08 12:54:26.731638,206.75
CLT_185,2025-05-15 12:54:26.731638,77.16
CLT_186,2025-08-30 12:54:26.731638,522.97
CLT_186,2025-05-22 12:54:26.731638,170.91
CLT_186,2025-06-16 12:54:26.731638,131.26
CLT_187,2025-09-03 12:54:26.731638,154.64
CLT_187,2025-01-18 12:54:26.731638,132.71
CLT_187,2024-09-24 12:54:26.731638,101.4
CLT_187,2025-02-11 12:54:26.731638,33.9
CLT_187,2025-04-08 12:54:26.731638,138.12
CLT_187,2025-01-08 12:54:26.731638,182.55
CLT_187,2025-07-14 12:54:26.731638,131.31
CLT_187,2025-08-21 12:54:26.731638,185.4
CLT_188,2025-07-31 12:54:26.731638,323.18
CLT_188,2025-06-15 12:54:26.731638,142.18
CLT_188,2025-03-12 12:54:26.731638,62.41
CLT_188,2025-06-01 12:54:26.731638,97.29
CLT_188,2025-05-24 12:54:26.731638,136.98
CLT_188,2024-10-13 12:54:26.731638,167.14
CLT_189,2024-11-05 12:54:26.731638,666.55
CLT_189,2024-12-26 12:54:26.731638,66.07
CLT_189,2024-11-21 12:54:26.731638,75.25
CLT_190,2025-05-19 12:54:26.731638,123.63
CLT_190,2025-06-07 12:54:26.731638,99.43
CLT_190,2025-05-15 12:54:26.731638,240.32
CLT_191,2024-09-30 12:54:26.731638,194.75
CLT_191,2024-10-31 12:54:26.731638,84.62
CLT_191,2024-09-26 12:54:26.731638,84.39
CLT_191,2025-04-14 12:54:26.731638,521.27
CLT_191,2024-12-28 12:54:26.731638,424.41
CLT_191,2025-06-15 12:54:26.731638,119.45
CLT_191,2025-07-08 12:54:26.731638,87.13
CLT_192,2025-07-26 12:54:26.731638,431.14
CLT_192,2025-03-01 12:54:26.731638,85.27
CLT_192,2025-04-30 12:54:26.731638,198.39
CLT_192,2025-02-06 12:54:26.731638,77.02
CLT_192,2025-04-27 12:54:26.731638,56.79
CLT_193,2025-02-13 12:54:26.731638,65.33
CLT_193,2024-11-07 12:54:26.731638,144.09
CLT_193,2025-03-02 12:54:26.731638,395.62
CLT_193,2025-08-08 12:54:26.731638,164.65
CLT_194,2025-06-18 12:54:26.731638,211.48
CLT_194,2024-10-04 12:54:26.731638,129.26
CLT_194,2025-01-25 12:54:26.731638,563.82
CLT_194,2025-08-25 12:54:26.731638,153.17
CLT_194,2025-01-02 12:54:26.731638,83.79
CLT_194,2025-01-04 12:54:26.731638,421.94
CLT_195,2025-03-19 12:54:26.731638,106.43
CLT_195,2025-03-03 12:54:26.731638,495.84
CLT_195,2025-07-13 12:54:26.731638,101.43
CLT_195,2025-08-17 12:54:26.731638,57.39
CLT_195,2025-05-22 12:54:26.731638,614.87
CLT_195,2024-10-10 12:54:26.731638,401.43
CLT_196,2025-08-30 12:54:26.731638,551.35
CLT_196,2025-09-05 12:54:26.731638,116.89
CLT_196,2024-11-23 12:54:26.731638,181.44
CLT_196,2025-01-20 12:54:26.731638,234.7
CLT_197,2025-01-06 12:54:26.731638,480.91
CLT_197,2025-02-11 12:54:26.731638,556.45
CLT_197,2025-02-15 12:54:26.731638,546.68
CLT_197,2024-10-24 12:54:26.731638,164.06
CLT_197,2025-09-09 12:54:26.731638,155.09
CLT_198,2025-02-14 12:54:26.731638,108.09
CLT_198,2025-04-04 12:54:26.731638,122.3
CLT_198,2025-08-21 12:54:26.731638,21.5
CLT_198,2025-07-03 12:54:26.731638,155.44
CLT_198,2025-03-06 12:54:26.731638,19.4
CLT_198,2025-06-28 12:54:26.731638,119.43
CLT_199,2025-07-02 12:54:26.731638,62.39
CLT_199,2025-03-27 12:54:26.731638,128.9
CLT_199,2025-05-27 12:54:26.731638,126.16
CLT_200,2024-12-23 12:54:26.731638,638.65
CLT_200,2024-11-11 12:54:26.731638,173.45
CLT_200,2024-12-26 12:54:26.731638,124.56
CLT_200,2025-03-30 12:54:26.731638,20.63
CLT_200,2025-03-31 12:54:26.731638,107.13
CLT_200,2025-08-10 12:54:26.731638,70.69
CLT_200,2025-03-25 12:54:26.731638,712.78
CLT_201,2024-12-13 12:54:26.731638,192.24
CLT_201,2024-10-31 12:54:26.731638,494.19
CLT_201,2025-04-06 12:54:26.731638,117.3
CLT_201,2025-07-14 12:54:26.731638,70.88
CLT_201,2025-02-02 12:54:26.731638,677.07
CLT_201,2025-06-12 12:54:26.731638,233.92
CLT_201,2024-09-29 12:54:26.731638,795.63
CLT_201,2025-05-06 12:54:26.731638,119.03
CLT_201,2025-04-26 12:54:26.731638,137.25
CLT_202,2024-11-08 12:54:26.731638,184.33
CLT_202,2024-11-03 12:54:26.731638,94.25
CLT_202,2025-01-12 12:54:26.731638,163.55
CLT_202,2024-12-02 12:54:26.731638,60.49
CLT_202,2025-09-01 12:54:26.731638,174.37
CLT_202,2025-04-21 12:54:26.731638,158.54
CLT_203,2024-10-23 12:54:26.731638,32.01
CLT_203,2025-06-18 12:54:26.731638,479.55
CLT_203,2025-04-23 12:54:26.731638,173.02
CLT_203,2025-01-02 12:54:26.731638,79.46
CLT_204,2025-08-14 12:54:26.731638,230.92
CLT_204,2025-07-21 12:54:26.731638,78.33
CLT_204,2025-03-25 12:54:26.731638,445.76
CLT_204,2025-01-28 12:54:26.731638,124.04
CLT_204,2025-03-15 12:54:26.731638,85.95
CLT_205,2025-08-18 12:54:26.731638,659.3
CLT_205,2024-10-19 12:54:26.731638,128.38
CLT_205,2024-10-05 12:54:26.731638,103.57
CLT_205,2025-01-28 12:54:26.731638,21.2
CLT_205,2025-06-23 12:54:26.731638,174.76
CLT_206,2024-11-27 12:54:26.731638,141.68
CLT_206,2025-02-17 12:54:26.731638,251.68
CLT_206,2025-09-10 12:54:26.731638,579.76
CLT_206,2024-10-21 12:54:26.731638,579.28
CLT_206,2025-05-22 12:54:26.731638,692.21
CLT_206,2025-05-23 12:54:26.731638,23.43
CLT_207,2025-06-19 12:54:26.731638,163.51
CLT_207,2025-03-08 12:54:26.731638,138.21
CLT_208,2024-12-25 12:54:26.731638,131.32
CLT_208,2024-10-10 12:54:26.731638,117.15
CLT_208,2025-03-22 12:54:26.731638,610.05
CLT_208,2025-05-27 12:54:26.731638,233.62
CLT_209,2025-04-21 12:54:26.731638,164.45
CLT_209,2024-11-10 12:54:26.731638,154.77
CLT_209,2025-06-16 12:54:26.731638,62.95
CLT_209,2025-01-19 12:54:26.731638,422.42
CLT_210,2025-02-12 12:54:26.731638,92.59
CLT_210,2024-09-26 12:54:26.731638,120.94
CLT_210,2024-12-12 12:54:26.731638,324.25
CLT_211,2025-08-11 12:54:26.731638,815.55
CLT_211,2024-09-19 12:54:26.731638,149.82
CLT_211,2025-04-14 12:54:26.731638,97.27
CLT_211,2024-09-30 12:54:26.731638,109.07
CLT_211,2025-03-25 12:54:26.731638,254.36
CLT_212,2025-08-03 12:54:26.731638,125.98
CLT_212,2025-03-16 12:54:26.731638,96.47
CLT_212,2025-04-26 12:54:26.731638,192.51
CLT_212,2025-07-17 12:54:26.731638,146.45
CLT_212,2024-12-21 12:54:26.731638,122.85
CLT_212,2025-04-03 12:54:26.731638,574.43
CLT_212,2024-11-23 12:54:26.731638,93.23
CLT_213,2025-02-12 12:54:26.731638,145.14
CLT_213,2024-11-02 12:54:26.731638,102.59
CLT_213,2025-05-09 12:54:26.731638,153.83
CLT_213,2025-06-20 12:54:26.731638,192.22
CLT_213,2025-04-26 12:54:26.731638,180.05
CLT_214,2025-03-05 12:54:26.731638,134.15
CLT_214,2025-08-17 12:54:26.731638,86.63
CLT_214,2024-10-16 12:54:26.731638,125.19
CLT_214,2025-03-10 12:54:26.731638,705.21
CLT_215,2025-07-28 12:54:26.731638,324.69
CLT_215,2025-08-31 12:54:26.731638,153.95
CLT_215,2025-03-05 12:54:26.731638,79.38
CLT_215,2025-01-31 12:54:26.731638,38.93
CLT_215,2025-02-02 12:54:26.731638,141.69
CLT_216,2025-03-14 12:54:26.731638,420.28
CLT_216,2024-10-16 12:54:26.731638,41.61
CLT_216,2024-10-13 12:54:26.731638,161.81
CLT_217,2025-06-04 12:54:26.731638,474.03
CLT_217,2025-09-08 12:54:26.731638,366.58
CLT_217,2024-10-23 12:54:26.731638,103.58
CLT_218,2025-01-22 12:54:26.731638,131.22
CLT_219,2025-05-12 12:54:26.731638,165.2
CLT_219,2024-10-22 12:54:26.731638,200.1
CLT_219,2024-11-27 12:54:26.731638,204.02
CLT_219,2024-11-05 12:54:26.731638,637.4
CLT_219,2025-05-20 12:54:26.731638,157.47
CLT_219,2024-12-15 12:54:26.731638,186.85
CLT_220,2025-07-23 12:54:26.731638,179.13
CLT_220,2025-06-06 12:54:26.731638,182.96
CLT_220,2024-10-01 12:54:26.731638,671.97
CLT_221,2025-06-01 12:54:26.731638,78.8
CLT_221,2025-07-13 12:54:26.731638,84.04
CLT_221,2025-02-06 12:54:26.731638,159.11
CLT_221,2025-07-23 12:54:26.731638,80.46
CLT_222,2025-04-03 12:54:26.731638,70.71
CLT_222,2025-01-26 12:54:26.731638,105.79
CLT_222,2025-01-18 12:54:26.731638,121.11
CLT_222,2025-03-23 12:54:26.731638,280.86
CLT_222,2024-12-02 12:54:26.731638,78.28
CLT_222,2025-07-30 12:54:26.731638,614.6
CLT_223,2024-12-27 12:54:26.731638,95.15
CLT_223,2025-01-07 12:54:26.731638,110.87
CLT_223,2025-03-16 12:54:26.731638,169.51
CLT_223,2024-10-30 12:54:26.731638,90.65
CLT_223,2025-03-10 12:54:26.731638,140.4
CLT_223,2024-09-24 12:54:26.731638,147.54
CLT_223,2025-04-21 12:54:26.731638,100.28
CLT_223,2025-03-11 12:54:26.731638,112.41
CLT_224,2024-12-17 12:54:26.731638,335.88
CLT_224,2025-07-30 12:54:26.731638,157.8
CLT_224,2025-06-21 12:54:26.731638,151.56
CLT_224,2025-01-05 12:54:26.731638,149.48
CLT_224,2025-03-28 12:54:26.731638,689.8
CLT_225,2024-12-14 12:54:26.731638,723.0
CLT_225,2025-08-15 12:54:26.731638,58.84
CLT_225,2025-03-02 12:54:26.731638,204.73
CLT_225,2025-04-15 12:54:26.731638,138.94
CLT_225,2025-03-12 12:54:26.731638,556.67
CLT_226,2025-04-12 12:54:26.731638,109.81
CLT_226,2024-11-07 12:54:26.731638,90.88
CLT_226,2025-06-09 12:54:26.731638,167.94
CLT_226,2025-09-07 12:54:26.731638,137.1
CLT_226,2025-09-05 12:54:26.731638,129.44
CLT_226,2025-09-02 12:54:26.731638,36.29
CLT_226,2025-03-29 12:54:26.731638,110.93
CLT_227,2025-01-09 12:54:26.731638,484.05
CLT_227,2025-08-20 12:54:26.731638,124.22
CLT_227,2025-09-03 12:54:26.731638,202.56
CLT_227,2025-08-09 12:54:26.731638,80.15
CLT_227,2025-03-22 12:54:26.731638,897.22
CLT_227,2025-09-16 12:54:26.731638,143.94
CLT_227,2025-02-22 12:54:26.731638,601.94
CLT_228,2025-06-05 12:54:26.731638,126.38
CLT_228,2025-02-26 12:54:26.731638,108.84
CLT_228,2025-01-01 12:54:26.731638,158.13
CLT_228,2024-11-13 12:54:26.731638,79.26
CLT_229,2025-09-07 12:54:26.731638,119.49
CLT_229,2025-01-02 12:54:26.731638,134.82
CLT_229,2024-11-27 12:54:26.731638,131.29
CLT_229,2024-11-09 12:54:26.731638,120.88
CLT_229,2025-06-30 12:54:26.731638,48.94
CLT_229,2025-03-16 12:54:26.731638,422.43
CLT_229,2024-10-08 12:54:26.731638,80.9
CLT_229,2024-12-10 12:54:26.731638,82.01
CLT_230,2024-10-10 12:54:26.731638,150.63
CLT_230,2024-10-30 12:54:26.731638,619.17
CLT_231,2025-04-13 12:54:26.731638,135.82
CLT_231,2024-11-14 12:54:26.731638,367.21
CLT_231,2025-07-06 12:54:26.731638,205.49
CLT_232,2024-11-22 12:54:26.731638,111.56
CLT_232,2025-03-29 12:54:26.731638,88.04
CLT_232,2025-08-19 12:54:26.731638,75.46
CLT_233,2025-09-14 12:54:26.731638,128.17
CLT_233,2025-04-04 12:54:26.731638,60.22
CLT_233,2024-11-02 12:54:26.731638,635.23
CLT_233,2024-11-12 12:54:26.731638,173.01
CLT_233,2025-03-22 12:54:26.731638,184.65
CLT_233,2025-08-20 12:54:26.731638,120.72
CLT_233,2025-01-15 12:54:26.731638,198.51
CLT_233,2024-11-24 12:54:26.731638,480.8
CLT_234,2024-09-19 12:54:26.731638,146.97
CLT_234,2024-09-28 12:54:26.731638,532.54
CLT_234,2025-05-02 12:54:26.731638,41.5
CLT_234,2024-12-24 12:54:26.731638,547.38
CLT_234,2025-03-28 12:54:26.731638,156.08
CLT_234,2025-04-14 12:54:26.731638,125.37
CLT_235,2025-07-07 12:54:26.731638,54.24
CLT_235,2025-06-23 12:54:26.731638,442.99
CLT_235,2025-04-09 12:54:26.731638,290.63
CLT_235,2025-03-03 12:54:26.731638,149.57
CLT_235,2025-08-28 12:54:26.731638,419.57
CLT_236,2025-08-02 12:54:26.731638,106.8
CLT_237,2025-03-20 12:54:26.731638,73.62
CLT_237,2024-11-02 12:54:26.731638,173.46
CLT_237,2024-11-30 12:54:26.731638,253.9
CLT_237,2024-11-04 12:54:26.731638,123.23
CLT_237,2025-06-10 12:54:26.731638,44.66
CLT_238,2025-08-22 12:54:26.731638,119.79
CLT_238,2025-01-27 12:54:26.731638,127.15
CLT_238,2024-12-03 12:54:26.731638,162.48
CLT_238,2025-08-03 12:54:26.731638,145.33
CLT_239,2025-07-25 12:54:26.731638,142.54
CLT_239,2024-11-06 12:54:26.731638,476.19
CLT_239,2025-04-06 12:54:26.731638,89.14
CLT_239,2025-09-01 12:54:26.731638,225.12
CLT_239,2025-08-18 12:54:26.731638,107.19
CLT_240,2024-11-25 12:54:26.731638,115.63
CLT_240,2025-07-01 12:54:26.731638,147.42
CLT_240,2025-04-24 12:54:26.731638,69.31
CLT_240,2024-12-25 12:54:26.731638,162.4
CLT_241,2024-12-14 12:54:26.731638,168.02
CLT_241,2025-01-26 12:54:26.731638,569.37
CLT_241,2025-03-24 12:54:26.731638,215.39
CLT_242,2024-10-06 12:54:26.731638,116.37
CLT_242,2025-01-19 12:54:26.731638,68.85
CLT_242,2024-11-05 12:54:26.731638,91.1
CLT_242,2024-12-11 12:54:26.731638,124.85
CLT_242,2024-11-26 12:54:26.731638,478.36
CLT_242,2025-03-29 12:54:26.731638,161.16
CLT_243,2025-02-19 12:54:26.731638,602.48
CLT_243,2025-02-14 12:54:26.731638,140.52
CLT_244,2024-10-22 12:54:26.731638,529.35
CLT_244,2025-01-18 12:54:26.731638,587.01
CLT_244,2025-06-02 12:54:26.731638,147.17
CLT_244,2024-09-22 12:54:26.731638,654.96
CLT_244,2025-01-17 12:54:26.731638,170.59
CLT_245,2025-02-04 12:54:26.731638,622.53
CLT_245,2025-01-08 12:54:26.731638,589.21
CLT_245,2025-09-15 12:54:26.731638,81.99
CLT_245,2025-08-26 12:54:26.731638,216.62
CLT_245,2025-07-21 12:54:26.731638,463.15
CLT_245,2025-01-25 12:54:26.731638,163.08
CLT_245,2025-07-09 12:54:26.731638,188.33
CLT_245,2025-02-10 12:54:26.731638,103.99
CLT_245,2025-07-09 12:54:26.731638,239.54
CLT_246,2025-07-28 12:54:26.731638,138.85
CLT_246,2025-07-19 12:54:26.731638,607.67
CLT_246,2024-10-20 12:54:26.731638,93.23
CLT_247,2025-03-12 12:54:26.731638,116.94
CLT_247,2025-05-22 12:54:26.731638,92.4
CLT_247,2025-05-30 12:54:26.731638,106.18
CLT_247,2025-08-27 12:54:26.731638,79.2
CLT_247,2025-02-04 12:54:26.731638,155.35
CLT_247,2024-10-01 12:54:26.731638,257.43
CLT_247,2025-08-08 12:54:26.731638,62.88
CLT_247,2025-06-24 12:54:26.731638,170.38
CLT_248,2024-10-06 12:54:26.731638,166.34
CLT_248,2024-10-01 12:54:26.731638,230.21
CLT_248,2025-06-04 12:54:26.731638,155.04
CLT_249,2025-02-21 12:54:26.731638,260.73
CLT_250,2025-06-27 12:54:26.731638,106.29
CLT_250,2025-05-30 12:54:26.731638,115.45
CLT_251,2025-09-15 12:54:26.731638,71.73
CLT_251,2025-09-08 12:54:26.731638,203.93
CLT_251,2025-05-16 12:54:26.731638,314.7
CLT_251,2025-01-04 12:54:26.731638,93.04
CLT_251,2025-02-16 12:54:26.731638,61.34
CLT_251,2025-04-25 12:54:26.731638,114.76
CLT_252,2024-12-17 12:54:26.731638,162.98
CLT_252,2025-03-19 12:54:26.731638,123.99
CLT_252,2024-12-26 12:54:26.731638,525.06
CLT_252,2024-12-05 12:54:26.731638,562.61
CLT_252,2025-08-08 12:54:26.731638,148.04
CLT_252,2024-12-28 12:54:26.731638,57.33
CLT_252,2024-12-01 12:54:26.731638,385.39
CLT_253,2025-07-07 12:54:26.731638,66.75
CLT_253,2024-12-25 12:54:26.731638,172.74
CLT_253,2025-02-11 12:54:26.731638,110.66
CLT_253,2024-11-20 12:54:26.731638,152.21
CLT_253,2025-09-02 12:54:26.731638,41.77
CLT_254,2024-11-26 12:54:26.731638,192.91
CLT_254,2025-06-18 12:54:26.731638,61.83
CLT_254,2025-08-31 12:54:26.731638,209.82
CLT_255,2025-02-15 12:54:26.731638,619.55
CLT_256,2025-05-15 12:54:26.731638,117.2
CLT_256,2024-12-25 12:54:26.731638,136.9
CLT_256,2025-03-14 12:54:26.731638,186.9
CLT_256,2024-10-15 12:54:26.731638,138.44
CLT_257,2025-07-20 12:54:26.731638,452.94
CLT_257,2025-05-22 12:54:26.731638,141.01
CLT_257,2025-04-13 12:54:26.731638,77.27
CLT_257,2025-02-10 12:54:26.731638,38.01
CLT_257,2025-08-17 12:54:26.731638,62.4
CLT_257,2025-09-09 12:54:26.731638,140.44
CLT_258,2025-01-13 12:54:26.731638,111.23
CLT_258,2025-06-11 12:54:26.731638,144.58
CLT_259,2025-01-24 12:54:26.731638,541.75
CLT_259,2025-05-07 12:54:26.731638,94.54
CLT_259,2024-10-18 12:54:26.731638,485.33
CLT_260,2025-02-26 12:54:26.731638,333.81
CLT_260,2024-12-24 12:54:26.731638,123.23
CLT_260,2025-07-28 12:54:26.731638,36.64
CLT_261,2024-10-06 12:54:26.731638,154.39
CLT_261,2025-06-22 12:54:26.731638,202.04
CLT_261,2024-10-28 12:54:26.731638,574.11
CLT_261,2024-11-12 12:54:26.731638,71.81
CLT_261,2025-03-09 12:54:26.731638,476.05
CLT_261,2024-12-14 12:54:26.731638,141.5
CLT_261,2025-08-06 12:54:26.731638,155.5
CLT_261,2024-10-30 12:54:26.731638,210.9
CLT_262,2024-11-20 12:54:26.731638,80.35
CLT_262,2025-05-22 12:54:26.731638,154.37
CLT_263,2025-07-22 12:54:26.731638,420.22
CLT_263,2025-04-17 12:54:26.731638,106.71
CLT_263,2024-10-05 12:54:26.731638,128.87
CLT_263,2025-06-28 12:54:26.731638,15.01
CLT_263,2024-12-03 12:54:26.731638,149.46
CLT_263,2024-09-28 12:54:26.731638,83.26
CLT_263,2025-07-30 12:54:26.731638,508.15
CLT_264,2024-11-29 12:54:26.731638,52.83
CLT_264,2025-05-30 12:54:26.731638,71.06
CLT_264,2025-04-07 12:54:26.731638,105.23
CLT_264,2025-05-31 12:54:26.731638,160.14
CLT_264,2025-02-23 12:54:26.731638,264.83
CLT_265,2024-11-25 12:54:26.731638,140.63
CLT_265,2025-09-04 12:54:26.731638,89.88
CLT_265,2025-01-29 12:54:26.731638,196.11
CLT_265,2025-01-04 12:54:26.731638,123.84
CLT_265,2025-04-02 12:54:26.731638,116.02
CLT_265,2025-02-27 12:54:26.731638,140.95
CLT_265,2024-11-02 12:54:26.731638,145.43
CLT_266,2025-04-20 12:54:26.731638,98.48
CLT_266,2024-11-08 12:54:26.731638,415.02
CLT_266,2024-09-25 12:54:26.731638,63.99
CLT_267,2025-04-11 12:54:26.731638,134.68
CLT_267,2025-06-04 12:54:26.731638,116.64
CLT_267,2025-09-10 12:54:26.731638,329.42
CLT_267,2025-01-04 12:54:26.731638,75.36
CLT_267,2025-08-08 12:54:26.731638,92.15
CLT_267,2025-08-21 12:54:26.731638,87.0
CLT_268,2025-07-23 12:54:26.731638,475.25
CLT_269,2025-07-28 12:54:26.731638,174.13
CLT_269,2025-06-13 12:54:26.731638,10.0
CLT_269,2025-08-20 12:54:26.731638,73.79
CLT_269,2024-10-23 12:54:26.731638,163.04
CLT_269,2025-08-11 12:54:26.731638,229.42
CLT_269,2025-09-15 12:54:26.731638,98.04
CLT_270,2025-04-05 12:54:26.731638,117.43
CLT_270,2024-11-02 12:54:26.731638,89.85
CLT_270,2024-11-27 12:54:26.731638,135.9
CLT_270,2025-04-20 12:54:26.731638,93.42
CLT_270,2024-11-29 12:54:26.731638,116.46
CLT_271,2025-03-03 12:54:26.731638,499.63
CLT_271,2025-08-04 12:54:26.731638,175.81
CLT_271,2025-03-07 12:54:26.731638,129.57
CLT_272,2025-02-13 12:54:26.731638,75.32
CLT_272,2025-08-31 12:54:26.731638,55.58
CLT_272,2024-09-25 12:54:26.731638,583.84
CLT_272,2024-11-10 12:54:26.731638,675.33
CLT_272,2024-11-10 12:54:26.731638,99.38
CLT_272,2025-02-19 12:54:26.731638,155.79
CLT_273,2024-10-09 12:54:26.731638,125.97
CLT_273,2024-12-29 12:54:26.731638,186.52
CLT_273,2024-12-26 12:54:26.731638,186.05
CLT_273,2024-12-30 12:54:26.731638,146.24
CLT_273,2025-03-28 12:54:26.731638,194.77
CLT_273,2025-04-16 12:54:26.731638,680.53
CLT_273,2025-06-10 12:54:26.731638,137.16
CLT_273,2025-03-25 12:54:26.731638,153.74
CLT_274,2025-06-06 12:54:26.731638,476.07
CLT_274,2025-01-19 12:54:26.731638,499.31
CLT_274,2025-08-06 12:54:26.731638,138.54
CLT_274,2025-03-03 12:54:26.731638,66.2
CLT_274,2025-04-23 12:54:26.731638,130.79
CLT_274,2025-06-09 12:54:26.731638,60.23
CLT_274,2025-04-06 12:54:26.731638,181.77
CLT_274,2025-08-25 12:54:26.731638,23.16
CLT_275,2024-12-11 12:54:26.731638,385.8
CLT_275,2024-10-25 12:54:26.731638,672.45
CLT_275,2025-08-20 12:54:26.731638,134.83
CLT_275,2025-03-03 12:54:26.731638,116.88
CLT_276,2024-11-30 12:54:26.731638,144.55
CLT_276,2025-01-25 12:54:26.731638,178.39
CLT_276,2025-01-21 12:54:26.731638,128.78
CLT_276,2025-01-21 12:54:26.731638,173.37
CLT_276,2025-02-15 12:54:26.731638,147.68
CLT_276,2024-12-30 12:54:26.731638,96.21
CLT_276,2025-05-13 12:54:26.731638,116.53
CLT_276,2025-06-04 12:54:26.731638,93.31
CLT_277,2024-10-04 12:54:26.731638,87.31
CLT_277,2025-05-19 12:54:26.731638,143.59
CLT_277,2025-06-12 12:54:26.731638,75.85
CLT_277,2025-04-24 12:54:26.731638,11.52
CLT_277,2024-12-02 12:54:26.731638,60.29
CLT_278,2024-10-14 12:54:26.731638,301.22
CLT_278,2025-06-21 12:54:26.731638,147.2
CLT_278,2025-03-01 12:54:26.731638,99.46
CLT_278,2024-10-23 12:54:26.731638,210.13
CLT_278,2025-07-25 12:54:26.731638,146.69
CLT_279,2025-09-09 12:54:26.731638,903.86
CLT_279,2025-07-07 12:54:26.731638,56.38
CLT_279,2024-12-27 12:54:26.731638,88.47
CLT_279,2024-12-30 12:54:26.731638,563.43
CLT_279,2025-05-19 12:54:26.731638,10.0
CLT_280,2025-04-17 12:54:26.731638,109.31
CLT_280,2024-10-17 12:54:26.731638,185.64
CLT_280,2025-05-23 12:54:26.731638,367.18
CLT_280,2024-10-20 12:54:26.731638,128.09
CLT_280,2025-08-21 12:54:26.731638,151.86
CLT_280,2024-12-27 12:54:26.731638,53.09
CLT_280,2024-11-19 12:54:26.731638,189.66
CLT_280,2025-02-08 12:54:26.731638,161.97
CLT_280,2025-03-07 12:54:26.731638,717.48
CLT_281,2025-08-04 12:54:26.731638,286.08
CLT_281,2025-09-15 12:54:26.731638,159.59
CLT_281,2025-07-28 12:54:26.731638,91.47
CLT_281,2025-04-02 12:54:26.731638,64.41
CLT_281,2024-09-26 12:54:26.731638,157.78
CLT_282,2024-10-18 12:54:26.731638,87.48
CLT_282,2025-05-29 12:54:26.731638,592.77
CLT_282,2024-11-19 12:54:26.731638,213.05
CLT_282,2025-05-07 12:54:26.731638,126.48
CLT_282,2025-07-26 12:54:26.731638,689.41
CLT_283,2025-08-14 12:54:26.731638,163.84
CLT_283,2025-03-08 12:54:26.731638,120.01
CLT_283,2025-05-31 12:54:26.731638,202.57
CLT_283,2024-11-12 12:54:26.731638,124.9
CLT_284,2024-12-27 12:54:26.731638,449.29
CLT_284,2024-11-03 12:54:26.731638,100.51
CLT_284,2025-05-31 12:54:26.731638,241.02
CLT_284,2024-10-18 12:54:26.731638,192.1
CLT_284,2025-08-12 12:54:26.731638,94.38
CLT_284,2024-10-28 12:54:26.731638,170.91
CLT_284,2025-03-07 12:54:26.731638,10.0
CLT_284,2025-03-25 12:54:26.731638,203.37
CLT_285,2025-04-26 12:54:26.731638,438.28
CLT_285,2025-03-14 12:54:26.731638,150.01
CLT_285,2025-02-26 12:54:26.731638,100.24
CLT_285,2025-09-06 12:54:26.731638,146.16
CLT_286,2024-11-29 12:54:26.731638,58.98
CLT_286,2025-06-18 12:54:26.731638,134.1
CLT_286,2025-02-15 12:54:26.731638,111.36
CLT_286,2024-10-14 12:54:26.731638,155.17
CLT_286,2025-02-16 12:54:26.731638,227.75
CLT_286,2024-12-31 12:54:26.731638,363.43
CLT_286,2025-03-20 12:54:26.731638,225.36
CLT_286,2024-12-06 12:54:26.731638,103.82
CLT_286,2025-08-10 12:54:26.731638,115.96
CLT_287,2024-10-17 12:54:26.731638,108.43
CLT_287,2025-03-10 12:54:26.731638,91.18
CLT_287,2024-10-12 12:54:26.731638,164.88
CLT_287,2025-03-11 12:54:26.731638,176.51
CLT_287,2025-02-08 12:54:26.731638,56.43
CLT_287,2025-04-21 12:54:26.731638,57.64
CLT_287,2024-10-19 12:54:26.731638,110.46
CLT_287,2025-08-18 12:54:26.731638,110.09
CLT_287,2025-07-19 12:54:26.731638,275.6
CLT_288,2025-05-20 12:54:26.731638,167.97
CLT_288,2025-05-07 12:54:26.731638,148.32
CLT_288,2025-02-23 12:54:26.731638,416.73
CLT_288,2024-12-12 12:54:26.731638,239.42
CLT_288,2024-12-21 12:54:26.731638,179.21
CLT_288,2025-01-11 12:54:26.731638,121.88
CLT_288,2025-05-03 12:54:26.731638,458.97
CLT_288,2024-12-28 12:54:26.731638,121.31
CLT_288,2025-09-02 12:54:26.731638,104.82
CLT_288,2025-08-01 12:54:26.731638,505.23
CLT_289,2024-10-01 12:54:26.731638,219.84
CLT_289,2024-11-05 12:54:26.731638,503.32
CLT_289,2025-06-06 12:54:26.731638,147.82
CLT_289,2025-09-12 12:54:26.731638,145.94
CLT_290,2025-08-16 12:54:26.731638,144.79
CLT_290,2024-10-27 12:54:26.731638,125.73
CLT_290,2025-07-18 12:54:26.731638,129.04
CLT_290,2025-03-15 12:54:26.731638,179.21
CLT_290,2025-07-07 12:54:26.731638,411.5
CLT_290,2025-08-09 12:54:26.731638,153.6
CLT_291,2024-10-17 12:54:26.731638,139.21
CLT_291,2025-06-15 12:54:26.731638,10.0
CLT_291,2025-03-23 12:54:26.731638,99.65
CLT_291,2025-06-21 12:54:26.731638,90.31
CLT_292,2025-03-26 12:54:26.731638,175.41
CLT_292,2024-10-07 12:54:26.731638,116.66
CLT_292,2024-12-11 12:54:26.731638,192.73
CLT_292,2025-08-14 12:54:26.731638,114.27
CLT_293,2025-06-17 12:54:26.731638,133.21
CLT_293,2024-10-04 12:54:26.731638,82.46
CLT_293,2025-03-15 12:54:26.731638,17.8
CLT_294,2025-02-02 12:54:26.731638,117.15
CLT_294,2024-12-30 12:54:26.731638,103.18
CLT_294,2025-06-02 12:54:26.731638,127.89
CLT_294,2025-05-13 12:54:26.731638,159.43
CLT_295,2025-06-18 12:54:26.731638,96.63
CLT_295,2024-10-12 12:54:26.731638,103.51
CLT_295,2025-08-31 12:54:26.731638,124.23
CLT_295,2024-10-25 12:54:26.731638,159.9
CLT_295,2025-05-03 12:54:26.731638,163.44
CLT_295,2024-11-10 12:54:26.731638,322.05
CLT_296,2025-03-02 12:54:26.731638,79.68
CLT_296,2025-01-26 12:54:26.731638,123.78
CLT_296,2025-05-20 12:54:26.731638,129.34
CLT_296,2024-12-17 12:54:26.731638,149.46
CLT_296,2025-03-31 12:54:26.731638,544.4
CLT_296,2024-11-07 12:54:26.731638,558.94
CLT_296,2025-04-08 12:54:26.731638,125.51
CLT_297,2024-12-02 12:54:26.731638,592.51
CLT_297,2024-10-09 12:54:26.731638,160.82
CLT_298,2024-09-27 12:54:26.731638,119.37
CLT_298,2024-12-28 12:54:26.731638,101.05
CLT_298,2025-05-17 12:54:26.731638,219.63
CLT_299,2025-06-03 12:54:26.731638,96.7
CLT_299,2025-04-28 12:54:26.731638,322.63
CLT_299,2025-02-23 12:54:26.731638,85.93
CLT_299,2025-06-07 12:54:26.731638,168.39
CLT_299,2025-08-28 12:54:26.731638,180.31
CLT_300,2025-02-21 12:54:26.731638,150.46
CLT_300,2025-04-05 12:54:26.731638,131.37
CLT_300,2025-02-28 12:54:26.731638,151.8
CLT_300,2024-10-30 12:54:26.731638,69.35
CLT_300,2025-06-25 12:54:26.731638,35.64
