sale_id,customer_id,product_id,sale_date,quantity,amount,total_amount,sale_year,sale_month,sale_quarter
1,1,1,2023-01-01 00:00:00,1,100,100,2023,1,1
2,2,2,2023-01-01 01:00:00,2,200,400,2023,1,1
3,3,3,2023-01-01 02:00:00,3,150,450,2023,1,1
4,4,4,2023-01-01 03:00:00,1,300,300,2023,1,1
5,5,5,2023-01-01 04:00:00,2,250,500,2023,1,1
6,6,6,2023-01-01 05:00:00,1,100,100,2023,1,1
7,7,7,2023-01-01 06:00:00,2,200,400,2023,1,1
8,8,8,2023-01-01 07:00:00,3,150,450,2023,1,1
9,9,9,2023-01-01 08:00:00,1,300,300,2023,1,1
10,10,10,2023-01-01 09:00:00,2,250,500,2023,1,1
11,11,11,2023-01-01 10:00:00,1,100,100,2023,1,1
12,12,12,2023-01-01 11:00:00,2,200,400,2023,1,1
13,13,13,2023-01-01 12:00:00,3,150,450,2023,1,1
14,14,14,2023-01-01 13:00:00,1,300,300,2023,1,1
15,15,15,2023-01-01 14:00:00,2,250,500,2023,1,1
16,16,16,2023-01-01 15:00:00,1,100,100,2023,1,1
17,17,17,2023-01-01 16:00:00,2,200,400,2023,1,1
18,18,18,2023-01-01 17:00:00,3,150,450,2023,1,1
19,19,19,2023-01-01 18:00:00,1,300,300,2023,1,1
20,20,20,2023-01-01 19:00:00,2,250,500,2023,1,1
21,21,21,2023-01-01 20:00:00,1,100,100,2023,1,1
22,22,22,2023-01-01 21:00:00,2,200,400,2023,1,1
23,23,23,2023-01-01 22:00:00,3,150,450,2023,1,1
24,24,24,2023-01-01 23:00:00,1,300,300,2023,1,1
25,25,25,2023-01-02 00:00:00,2,250,500,2023,1,1
26,26,26,2023-01-02 01:00:00,1,100,100,2023,1,1
27,27,27,2023-01-02 02:00:00,2,200,400,2023,1,1
28,28,28,2023-01-02 03:00:00,3,150,450,2023,1,1
29,29,29,2023-01-02 04:00:00,1,300,300,2023,1,1
30,30,30,2023-01-02 05:00:00,2,250,500,2023,1,1
31,31,31,2023-01-02 06:00:00,1,100,100,2023,1,1
32,32,32,2023-01-02 07:00:00,2,200,400,2023,1,1
33,33,33,2023-01-02 08:00:00,3,150,450,2023,1,1
34,34,34,2023-01-02 09:00:00,1,300,300,2023,1,1
35,35,35,2023-01-02 10:00:00,2,250,500,2023,1,1
36,36,36,2023-01-02 11:00:00,1,100,100,2023,1,1
37,37,37,2023-01-02 12:00:00,2,200,400,2023,1,1
38,38,38,2023-01-02 13:00:00,3,150,450,2023,1,1
39,39,39,2023-01-02 14:00:00,1,300,300,2023,1,1
40,40,40,2023-01-02 15:00:00,2,250,500,2023,1,1
41,41,41,2023-01-02 16:00:00,1,100,100,2023,1,1
42,42,42,2023-01-02 17:00:00,2,200,400,2023,1,1
43,43,43,2023-01-02 18:00:00,3,150,450,2023,1,1
44,44,44,2023-01-02 19:00:00,1,300,300,2023,1,1
45,45,45,2023-01-02 20:00:00,2,250,500,2023,1,1
46,46,46,2023-01-02 21:00:00,1,100,100,2023,1,1
47,47,47,2023-01-02 22:00:00,2,200,400,2023,1,1
48,48,48,2023-01-02 23:00:00,3,150,450,2023,1,1
49,49,49,2023-01-03 00:00:00,1,300,300,2023,1,1
50,50,50,2023-01-03 01:00:00,2,250,500,2023,1,1
51,51,1,2023-01-03 02:00:00,1,100,100,2023,1,1
52,52,2,2023-01-03 03:00:00,2,200,400,2023,1,1
53,53,3,2023-01-03 04:00:00,3,150,450,2023,1,1
54,54,4,2023-01-03 05:00:00,1,300,300,2023,1,1
55,55,5,2023-01-03 06:00:00,2,250,500,2023,1,1
56,56,6,2023-01-03 07:00:00,1,100,100,2023,1,1
57,57,7,2023-01-03 08:00:00,2,200,400,2023,1,1
58,58,8,2023-01-03 09:00:00,3,150,450,2023,1,1
59,59,9,2023-01-03 10:00:00,1,300,300,2023,1,1
60,60,10,2023-01-03 11:00:00,2,250,500,2023,1,1
61,61,11,2023-01-03 12:00:00,1,100,100,2023,1,1
62,62,12,2023-01-03 13:00:00,2,200,400,2023,1,1
63,63,13,2023-01-03 14:00:00,3,150,450,2023,1,1
64,64,14,2023-01-03 15:00:00,1,300,300,2023,1,1
65,65,15,2023-01-03 16:00:00,2,250,500,2023,1,1
66,66,16,2023-01-03 17:00:00,1,100,100,2023,1,1
67,67,17,2023-01-03 18:00:00,2,200,400,2023,1,1
68,68,18,2023-01-03 19:00:00,3,150,450,2023,1,1
69,69,19,2023-01-03 20:00:00,1,300,300,2023,1,1
70,70,20,2023-01-03 21:00:00,2,250,500,2023,1,1
71,71,21,2023-01-03 22:00:00,1,100,100,2023,1,1
72,72,22,2023-01-03 23:00:00,2,200,400,2023,1,1
73,73,23,2023-01-04 00:00:00,3,150,450,2023,1,1
74,74,24,2023-01-04 01:00:00,1,300,300,2023,1,1
75,75,25,2023-01-04 02:00:00,2,250,500,2023,1,1
76,76,26,2023-01-04 03:00:00,1,100,100,2023,1,1
77,77,27,2023-01-04 04:00:00,2,200,400,2023,1,1
78,78,28,2023-01-04 05:00:00,3,150,450,2023,1,1
79,79,29,2023-01-04 06:00:00,1,300,300,2023,1,1
80,80,30,2023-01-04 07:00:00,2,250,500,2023,1,1
81,81,31,2023-01-04 08:00:00,1,100,100,2023,1,1
82,82,32,2023-01-04 09:00:00,2,200,400,2023,1,1
83,83,33,2023-01-04 10:00:00,3,150,450,2023,1,1
84,84,34,2023-01-04 11:00:00,1,300,300,2023,1,1
85,85,35,2023-01-04 12:00:00,2,250,500,2023,1,1
86,86,36,2023-01-04 13:00:00,1,100,100,2023,1,1
87,87,37,2023-01-04 14:00:00,2,200,400,2023,1,1
88,88,38,2023-01-04 15:00:00,3,150,450,2023,1,1
89,89,39,2023-01-04 16:00:00,1,300,300,2023,1,1
90,90,40,2023-01-04 17:00:00,2,250,500,2023,1,1
91,91,41,2023-01-04 18:00:00,1,100,100,2023,1,1
92,92,42,2023-01-04 19:00:00,2,200,400,2023,1,1
93,93,43,2023-01-04 20:00:00,3,150,450,2023,1,1
94,94,44,2023-01-04 21:00:00,1,300,300,2023,1,1
95,95,45,2023-01-04 22:00:00,2,250,500,2023,1,1
96,96,46,2023-01-04 23:00:00,1,100,100,2023,1,1
97,97,47,2023-01-05 00:00:00,2,200,400,2023,1,1
98,98,48,2023-01-05 01:00:00,3,150,450,2023,1,1
99,99,49,2023-01-05 02:00:00,1,300,300,2023,1,1
100,100,50,2023-01-05 03:00:00,2,250,500,2023,1,1
101,1,1,2023-01-05 04:00:00,1,100,100,2023,1,1
102,2,2,2023-01-05 05:00:00,2,200,400,2023,1,1
103,3,3,2023-01-05 06:00:00,3,150,450,2023,1,1
104,4,4,2023-01-05 07:00:00,1,300,300,2023,1,1
105,5,5,2023-01-05 08:00:00,2,250,500,2023,1,1
106,6,6,2023-01-05 09:00:00,1,100,100,2023,1,1
107,7,7,2023-01-05 10:00:00,2,200,400,2023,1,1
108,8,8,2023-01-05 11:00:00,3,150,450,2023,1,1
109,9,9,2023-01-05 12:00:00,1,300,300,2023,1,1
110,10,10,2023-01-05 13:00:00,2,250,500,2023,1,1
111,11,11,2023-01-05 14:00:00,1,100,100,2023,1,1
112,12,12,2023-01-05 15:00:00,2,200,400,2023,1,1
113,13,13,2023-01-05 16:00:00,3,150,450,2023,1,1
114,14,14,2023-01-05 17:00:00,1,300,300,2023,1,1
115,15,15,2023-01-05 18:00:00,2,250,500,2023,1,1
116,16,16,2023-01-05 19:00:00,1,100,100,2023,1,1
117,17,17,2023-01-05 20:00:00,2,200,400,2023,1,1
118,18,18,2023-01-05 21:00:00,3,150,450,2023,1,1
119,19,19,2023-01-05 22:00:00,1,300,300,2023,1,1
120,20,20,2023-01-05 23:00:00,2,250,500,2023,1,1
121,21,21,2023-01-06 00:00:00,1,100,100,2023,1,1
122,22,22,2023-01-06 01:00:00,2,200,400,2023,1,1
123,23,23,2023-01-06 02:00:00,3,150,450,2023,1,1
124,24,24,2023-01-06 03:00:00,1,300,300,2023,1,1
125,25,25,2023-01-06 04:00:00,2,250,500,2023,1,1
126,26,26,2023-01-06 05:00:00,1,100,100,2023,1,1
127,27,27,2023-01-06 06:00:00,2,200,400,2023,1,1
128,28,28,2023-01-06 07:00:00,3,150,450,2023,1,1
129,29,29,2023-01-06 08:00:00,1,300,300,2023,1,1
130,30,30,2023-01-06 09:00:00,2,250,500,2023,1,1
131,31,31,2023-01-06 10:00:00,1,100,100,2023,1,1
132,32,32,2023-01-06 11:00:00,2,200,400,2023,1,1
133,33,33,2023-01-06 12:00:00,3,150,450,2023,1,1
134,34,34,2023-01-06 13:00:00,1,300,300,2023,1,1
135,35,35,2023-01-06 14:00:00,2,250,500,2023,1,1
136,36,36,2023-01-06 15:00:00,1,100,100,2023,1,1
137,37,37,2023-01-06 16:00:00,2,200,400,2023,1,1
138,38,38,2023-01-06 17:00:00,3,150,450,2023,1,1
139,39,39,2023-01-06 18:00:00,1,300,300,2023,1,1
140,40,40,2023-01-06 19:00:00,2,250,500,2023,1,1
141,41,41,2023-01-06 20:00:00,1,100,100,2023,1,1
142,42,42,2023-01-06 21:00:00,2,200,400,2023,1,1
143,43,43,2023-01-06 22:00:00,3,150,450,2023,1,1
144,44,44,2023-01-06 23:00:00,1,300,300,2023,1,1
145,45,45,2023-01-07 00:00:00,2,250,500,2023,1,1
146,46,46,2023-01-07 01:00:00,1,100,100,2023,1,1
147,47,47,2023-01-07 02:00:00,2,200,400,2023,1,1
148,48,48,2023-01-07 03:00:00,3,150,450,2023,1,1
149,49,49,2023-01-07 04:00:00,1,300,300,2023,1,1
150,50,50,2023-01-07 05:00:00,2,250,500,2023,1,1
151,51,1,2023-01-07 06:00:00,1,100,100,2023,1,1
152,52,2,2023-01-07 07:00:00,2,200,400,2023,1,1
153,53,3,2023-01-07 08:00:00,3,150,450,2023,1,1
154,54,4,2023-01-07 09:00:00,1,300,300,2023,1,1
155,55,5,2023-01-07 10:00:00,2,250,500,2023,1,1
156,56,6,2023-01-07 11:00:00,1,100,100,2023,1,1
157,57,7,2023-01-07 12:00:00,2,200,400,2023,1,1
158,58,8,2023-01-07 13:00:00,3,150,450,2023,1,1
159,59,9,2023-01-07 14:00:00,1,300,300,2023,1,1
160,60,10,2023-01-07 15:00:00,2,250,500,2023,1,1
161,61,11,2023-01-07 16:00:00,1,100,100,2023,1,1
162,62,12,2023-01-07 17:00:00,2,200,400,2023,1,1
163,63,13,2023-01-07 18:00:00,3,150,450,2023,1,1
164,64,14,2023-01-07 19:00:00,1,300,300,2023,1,1
165,65,15,2023-01-07 20:00:00,2,250,500,2023,1,1
166,66,16,2023-01-07 21:00:00,1,100,100,2023,1,1
167,67,17,2023-01-07 22:00:00,2,200,400,2023,1,1
168,68,18,2023-01-07 23:00:00,3,150,450,2023,1,1
169,69,19,2023-01-08 00:00:00,1,300,300,2023,1,1
170,70,20,2023-01-08 01:00:00,2,250,500,2023,1,1
171,71,21,2023-01-08 02:00:00,1,100,100,2023,1,1
172,72,22,2023-01-08 03:00:00,2,200,400,2023,1,1
173,73,23,2023-01-08 04:00:00,3,150,450,2023,1,1
174,74,24,2023-01-08 05:00:00,1,300,300,2023,1,1
175,75,25,2023-01-08 06:00:00,2,250,500,2023,1,1
176,76,26,2023-01-08 07:00:00,1,100,100,2023,1,1
177,77,27,2023-01-08 08:00:00,2,200,400,2023,1,1
178,78,28,2023-01-08 09:00:00,3,150,450,2023,1,1
179,79,29,2023-01-08 10:00:00,1,300,300,2023,1,1
180,80,30,2023-01-08 11:00:00,2,250,500,2023,1,1
181,81,31,2023-01-08 12:00:00,1,100,100,2023,1,1
182,82,32,2023-01-08 13:00:00,2,200,400,2023,1,1
183,83,33,2023-01-08 14:00:00,3,150,450,2023,1,1
184,84,34,2023-01-08 15:00:00,1,300,300,2023,1,1
185,85,35,2023-01-08 16:00:00,2,250,500,2023,1,1
186,86,36,2023-01-08 17:00:00,1,100,100,2023,1,1
187,87,37,2023-01-08 18:00:00,2,200,400,2023,1,1
188,88,38,2023-01-08 19:00:00,3,150,450,2023,1,1
189,89,39,2023-01-08 20:00:00,1,300,300,2023,1,1
190,90,40,2023-01-08 21:00:00,2,250,500,2023,1,1
191,91,41,2023-01-08 22:00:00,1,100,100,2023,1,1
192,92,42,2023-01-08 23:00:00,2,200,400,2023,1,1
193,93,43,2023-01-09 00:00:00,3,150,450,2023,1,1
194,94,44,2023-01-09 01:00:00,1,300,300,2023,1,1
195,95,45,2023-01-09 02:00:00,2,250,500,2023,1,1
196,96,46,2023-01-09 03:00:00,1,100,100,2023,1,1
197,97,47,2023-01-09 04:00:00,2,200,400,2023,1,1
198,98,48,2023-01-09 05:00:00,3,150,450,2023,1,1
199,99,49,2023-01-09 06:00:00,1,300,300,2023,1,1
200,100,50,2023-01-09 07:00:00,2,250,500,2023,1,1
201,1,1,2023-01-09 08:00:00,1,100,100,2023,1,1
202,2,2,2023-01-09 09:00:00,2,200,400,2023,1,1
203,3,3,2023-01-09 10:00:00,3,150,450,2023,1,1
204,4,4,2023-01-09 11:00:00,1,300,300,2023,1,1
205,5,5,2023-01-09 12:00:00,2,250,500,2023,1,1
206,6,6,2023-01-09 13:00:00,1,100,100,2023,1,1
207,7,7,2023-01-09 14:00:00,2,200,400,2023,1,1
208,8,8,2023-01-09 15:00:00,3,150,450,2023,1,1
209,9,9,2023-01-09 16:00:00,1,300,300,2023,1,1
210,10,10,2023-01-09 17:00:00,2,250,500,2023,1,1
211,11,11,2023-01-09 18:00:00,1,100,100,2023,1,1
212,12,12,2023-01-09 19:00:00,2,200,400,2023,1,1
213,13,13,2023-01-09 20:00:00,3,150,450,2023,1,1
214,14,14,2023-01-09 21:00:00,1,300,300,2023,1,1
215,15,15,2023-01-09 22:00:00,2,250,500,2023,1,1
216,16,16,2023-01-09 23:00:00,1,100,100,2023,1,1
217,17,17,2023-01-10 00:00:00,2,200,400,2023,1,1
218,18,18,2023-01-10 01:00:00,3,150,450,2023,1,1
219,19,19,2023-01-10 02:00:00,1,300,300,2023,1,1
220,20,20,2023-01-10 03:00:00,2,250,500,2023,1,1
221,21,21,2023-01-10 04:00:00,1,100,100,2023,1,1
222,22,22,2023-01-10 05:00:00,2,200,400,2023,1,1
223,23,23,2023-01-10 06:00:00,3,150,450,2023,1,1
224,24,24,2023-01-10 07:00:00,1,300,300,2023,1,1
225,25,25,2023-01-10 08:00:00,2,250,500,2023,1,1
226,26,26,2023-01-10 09:00:00,1,100,100,2023,1,1
227,27,27,2023-01-10 10:00:00,2,200,400,2023,1,1
228,28,28,2023-01-10 11:00:00,3,150,450,2023,1,1
229,29,29,2023-01-10 12:00:00,1,300,300,2023,1,1
230,30,30,2023-01-10 13:00:00,2,250,500,2023,1,1
231,31,31,2023-01-10 14:00:00,1,100,100,2023,1,1
232,32,32,2023-01-10 15:00:00,2,200,400,2023,1,1
233,33,33,2023-01-10 16:00:00,3,150,450,2023,1,1
234,34,34,2023-01-10 17:00:00,1,300,300,2023,1,1
235,35,35,2023-01-10 18:00:00,2,250,500,2023,1,1
236,36,36,2023-01-10 19:00:00,1,100,100,2023,1,1
237,37,37,2023-01-10 20:00:00,2,200,400,2023,1,1
238,38,38,2023-01-10 21:00:00,3,150,450,2023,1,1
239,39,39,2023-01-10 22:00:00,1,300,300,2023,1,1
240,40,40,2023-01-10 23:00:00,2,250,500,2023,1,1
241,41,41,2023-01-11 00:00:00,1,100,100,2023,1,1
242,42,42,2023-01-11 01:00:00,2,200,400,2023,1,1
243,43,43,2023-01-11 02:00:00,3,150,450,2023,1,1
244,44,44,2023-01-11 03:00:00,1,300,300,2023,1,1
245,45,45,2023-01-11 04:00:00,2,250,500,2023,1,1
246,46,46,2023-01-11 05:00:00,1,100,100,2023,1,1
247,47,47,2023-01-11 06:00:00,2,200,400,2023,1,1
248,48,48,2023-01-11 07:00:00,3,150,450,2023,1,1
249,49,49,2023-01-11 08:00:00,1,300,300,2023,1,1
250,50,50,2023-01-11 09:00:00,2,250,500,2023,1,1
251,51,1,2023-01-11 10:00:00,1,100,100,2023,1,1
252,52,2,2023-01-11 11:00:00,2,200,400,2023,1,1
253,53,3,2023-01-11 12:00:00,3,150,450,2023,1,1
254,54,4,2023-01-11 13:00:00,1,300,300,2023,1,1
255,55,5,2023-01-11 14:00:00,2,250,500,2023,1,1
256,56,6,2023-01-11 15:00:00,1,100,100,2023,1,1
257,57,7,2023-01-11 16:00:00,2,200,400,2023,1,1
258,58,8,2023-01-11 17:00:00,3,150,450,2023,1,1
259,59,9,2023-01-11 18:00:00,1,300,300,2023,1,1
260,60,10,2023-01-11 19:00:00,2,250,500,2023,1,1
261,61,11,2023-01-11 20:00:00,1,100,100,2023,1,1
262,62,12,2023-01-11 21:00:00,2,200,400,2023,1,1
263,63,13,2023-01-11 22:00:00,3,150,450,2023,1,1
264,64,14,2023-01-11 23:00:00,1,300,300,2023,1,1
265,65,15,2023-01-12 00:00:00,2,250,500,2023,1,1
266,66,16,2023-01-12 01:00:00,1,100,100,2023,1,1
267,67,17,2023-01-12 02:00:00,2,200,400,2023,1,1
268,68,18,2023-01-12 03:00:00,3,150,450,2023,1,1
269,69,19,2023-01-12 04:00:00,1,300,300,2023,1,1
270,70,20,2023-01-12 05:00:00,2,250,500,2023,1,1
271,71,21,2023-01-12 06:00:00,1,100,100,2023,1,1
272,72,22,2023-01-12 07:00:00,2,200,400,2023,1,1
273,73,23,2023-01-12 08:00:00,3,150,450,2023,1,1
274,74,24,2023-01-12 09:00:00,1,300,300,2023,1,1
275,75,25,2023-01-12 10:00:00,2,250,500,2023,1,1
276,76,26,2023-01-12 11:00:00,1,100,100,2023,1,1
277,77,27,2023-01-12 12:00:00,2,200,400,2023,1,1
278,78,28,2023-01-12 13:00:00,3,150,450,2023,1,1
279,79,29,2023-01-12 14:00:00,1,300,300,2023,1,1
280,80,30,2023-01-12 15:00:00,2,250,500,2023,1,1
281,81,31,2023-01-12 16:00:00,1,100,100,2023,1,1
282,82,32,2023-01-12 17:00:00,2,200,400,2023,1,1
283,83,33,2023-01-12 18:00:00,3,150,450,2023,1,1
284,84,34,2023-01-12 19:00:00,1,300,300,2023,1,1
285,85,35,2023-01-12 20:00:00,2,250,500,2023,1,1
286,86,36,2023-01-12 21:00:00,1,100,100,2023,1,1
287,87,37,2023-01-12 22:00:00,2,200,400,2023,1,1
288,88,38,2023-01-12 23:00:00,3,150,450,2023,1,1
289,89,39,2023-01-13 00:00:00,1,300,300,2023,1,1
290,90,40,2023-01-13 01:00:00,2,250,500,2023,1,1
291,91,41,2023-01-13 02:00:00,1,100,100,2023,1,1
292,92,42,2023-01-13 03:00:00,2,200,400,2023,1,1
293,93,43,2023-01-13 04:00:00,3,150,450,2023,1,1
294,94,44,2023-01-13 05:00:00,1,300,300,2023,1,1
295,95,45,2023-01-13 06:00:00,2,250,500,2023,1,1
296,96,46,2023-01-13 07:00:00,1,100,100,2023,1,1
297,97,47,2023-01-13 08:00:00,2,200,400,2023,1,1
298,98,48,2023-01-13 09:00:00,3,150,450,2023,1,1
299,99,49,2023-01-13 10:00:00,1,300,300,2023,1,1
300,100,50,2023-01-13 11:00:00,2,250,500,2023,1,1
301,1,1,2023-01-13 12:00:00,1,100,100,2023,1,1
302,2,2,2023-01-13 13:00:00,2,200,400,2023,1,1
303,3,3,2023-01-13 14:00:00,3,150,450,2023,1,1
304,4,4,2023-01-13 15:00:00,1,300,300,2023,1,1
305,5,5,2023-01-13 16:00:00,2,250,500,2023,1,1
306,6,6,2023-01-13 17:00:00,1,100,100,2023,1,1
307,7,7,2023-01-13 18:00:00,2,200,400,2023,1,1
308,8,8,2023-01-13 19:00:00,3,150,450,2023,1,1
309,9,9,2023-01-13 20:00:00,1,300,300,2023,1,1
310,10,10,2023-01-13 21:00:00,2,250,500,2023,1,1
311,11,11,2023-01-13 22:00:00,1,100,100,2023,1,1
312,12,12,2023-01-13 23:00:00,2,200,400,2023,1,1
313,13,13,2023-01-14 00:00:00,3,150,450,2023,1,1
314,14,14,2023-01-14 01:00:00,1,300,300,2023,1,1
315,15,15,2023-01-14 02:00:00,2,250,500,2023,1,1
316,16,16,2023-01-14 03:00:00,1,100,100,2023,1,1
317,17,17,2023-01-14 04:00:00,2,200,400,2023,1,1
318,18,18,2023-01-14 05:00:00,3,150,450,2023,1,1
319,19,19,2023-01-14 06:00:00,1,300,300,2023,1,1
320,20,20,2023-01-14 07:00:00,2,250,500,2023,1,1
321,21,21,2023-01-14 08:00:00,1,100,100,2023,1,1
322,22,22,2023-01-14 09:00:00,2,200,400,2023,1,1
323,23,23,2023-01-14 10:00:00,3,150,450,2023,1,1
324,24,24,2023-01-14 11:00:00,1,300,300,2023,1,1
325,25,25,2023-01-14 12:00:00,2,250,500,2023,1,1
326,26,26,2023-01-14 13:00:00,1,100,100,2023,1,1
327,27,27,2023-01-14 14:00:00,2,200,400,2023,1,1
328,28,28,2023-01-14 15:00:00,3,150,450,2023,1,1
329,29,29,2023-01-14 16:00:00,1,300,300,2023,1,1
330,30,30,2023-01-14 17:00:00,2,250,500,2023,1,1
331,31,31,2023-01-14 18:00:00,1,100,100,2023,1,1
332,32,32,2023-01-14 19:00:00,2,200,400,2023,1,1
333,33,33,2023-01-14 20:00:00,3,150,450,2023,1,1
334,34,34,2023-01-14 21:00:00,1,300,300,2023,1,1
335,35,35,2023-01-14 22:00:00,2,250,500,2023,1,1
336,36,36,2023-01-14 23:00:00,1,100,100,2023,1,1
337,37,37,2023-01-15 00:00:00,2,200,400,2023,1,1
338,38,38,2023-01-15 01:00:00,3,150,450,2023,1,1
339,39,39,2023-01-15 02:00:00,1,300,300,2023,1,1
340,40,40,2023-01-15 03:00:00,2,250,500,2023,1,1
341,41,41,2023-01-15 04:00:00,1,100,100,2023,1,1
342,42,42,2023-01-15 05:00:00,2,200,400,2023,1,1
343,43,43,2023-01-15 06:00:00,3,150,450,2023,1,1
344,44,44,2023-01-15 07:00:00,1,300,300,2023,1,1
345,45,45,2023-01-15 08:00:00,2,250,500,2023,1,1
346,46,46,2023-01-15 09:00:00,1,100,100,2023,1,1
347,47,47,2023-01-15 10:00:00,2,200,400,2023,1,1
348,48,48,2023-01-15 11:00:00,3,150,450,2023,1,1
349,49,49,2023-01-15 12:00:00,1,300,300,2023,1,1
350,50,50,2023-01-15 13:00:00,2,250,500,2023,1,1
351,51,1,2023-01-15 14:00:00,1,100,100,2023,1,1
352,52,2,2023-01-15 15:00:00,2,200,400,2023,1,1
353,53,3,2023-01-15 16:00:00,3,150,450,2023,1,1
354,54,4,2023-01-15 17:00:00,1,300,300,2023,1,1
355,55,5,2023-01-15 18:00:00,2,250,500,2023,1,1
356,56,6,2023-01-15 19:00:00,1,100,100,2023,1,1
357,57,7,2023-01-15 20:00:00,2,200,400,2023,1,1
358,58,8,2023-01-15 21:00:00,3,150,450,2023,1,1
359,59,9,2023-01-15 22:00:00,1,300,300,2023,1,1
360,60,10,2023-01-15 23:00:00,2,250,500,2023,1,1
361,61,11,2023-01-16 00:00:00,1,100,100,2023,1,1
362,62,12,2023-01-16 01:00:00,2,200,400,2023,1,1
363,63,13,2023-01-16 02:00:00,3,150,450,2023,1,1
364,64,14,2023-01-16 03:00:00,1,300,300,2023,1,1
365,65,15,2023-01-16 04:00:00,2,250,500,2023,1,1
366,66,16,2023-01-16 05:00:00,1,100,100,2023,1,1
367,67,17,2023-01-16 06:00:00,2,200,400,2023,1,1
368,68,18,2023-01-16 07:00:00,3,150,450,2023,1,1
369,69,19,2023-01-16 08:00:00,1,300,300,2023,1,1
370,70,20,2023-01-16 09:00:00,2,250,500,2023,1,1
371,71,21,2023-01-16 10:00:00,1,100,100,2023,1,1
372,72,22,2023-01-16 11:00:00,2,200,400,2023,1,1
373,73,23,2023-01-16 12:00:00,3,150,450,2023,1,1
374,74,24,2023-01-16 13:00:00,1,300,300,2023,1,1
375,75,25,2023-01-16 14:00:00,2,250,500,2023,1,1
376,76,26,2023-01-16 15:00:00,1,100,100,2023,1,1
377,77,27,2023-01-16 16:00:00,2,200,400,2023,1,1
378,78,28,2023-01-16 17:00:00,3,150,450,2023,1,1
379,79,29,2023-01-16 18:00:00,1,300,300,2023,1,1
380,80,30,2023-01-16 19:00:00,2,250,500,2023,1,1
381,81,31,2023-01-16 20:00:00,1,100,100,2023,1,1
382,82,32,2023-01-16 21:00:00,2,200,400,2023,1,1
383,83,33,2023-01-16 22:00:00,3,150,450,2023,1,1
384,84,34,2023-01-16 23:00:00,1,300,300,2023,1,1
385,85,35,2023-01-17 00:00:00,2,250,500,2023,1,1
386,86,36,2023-01-17 01:00:00,1,100,100,2023,1,1
387,87,37,2023-01-17 02:00:00,2,200,400,2023,1,1
388,88,38,2023-01-17 03:00:00,3,150,450,2023,1,1
389,89,39,2023-01-17 04:00:00,1,300,300,2023,1,1
390,90,40,2023-01-17 05:00:00,2,250,500,2023,1,1
391,91,41,2023-01-17 06:00:00,1,100,100,2023,1,1
392,92,42,2023-01-17 07:00:00,2,200,400,2023,1,1
393,93,43,2023-01-17 08:00:00,3,150,450,2023,1,1
394,94,44,2023-01-17 09:00:00,1,300,300,2023,1,1
395,95,45,2023-01-17 10:00:00,2,250,500,2023,1,1
396,96,46,2023-01-17 11:00:00,1,100,100,2023,1,1
397,97,47,2023-01-17 12:00:00,2,200,400,2023,1,1
398,98,48,2023-01-17 13:00:00,3,150,450,2023,1,1
399,99,49,2023-01-17 14:00:00,1,300,300,2023,1,1
400,100,50,2023-01-17 15:00:00,2,250,500,2023,1,1
401,1,1,2023-01-17 16:00:00,1,100,100,2023,1,1
402,2,2,2023-01-17 17:00:00,2,200,400,2023,1,1
403,3,3,2023-01-17 18:00:00,3,150,450,2023,1,1
404,4,4,2023-01-17 19:00:00,1,300,300,2023,1,1
405,5,5,2023-01-17 20:00:00,2,250,500,2023,1,1
406,6,6,2023-01-17 21:00:00,1,100,100,2023,1,1
407,7,7,2023-01-17 22:00:00,2,200,400,2023,1,1
408,8,8,2023-01-17 23:00:00,3,150,450,2023,1,1
409,9,9,2023-01-18 00:00:00,1,300,300,2023,1,1
410,10,10,2023-01-18 01:00:00,2,250,500,2023,1,1
411,11,11,2023-01-18 02:00:00,1,100,100,2023,1,1
412,12,12,2023-01-18 03:00:00,2,200,400,2023,1,1
413,13,13,2023-01-18 04:00:00,3,150,450,2023,1,1
414,14,14,2023-01-18 05:00:00,1,300,300,2023,1,1
415,15,15,2023-01-18 06:00:00,2,250,500,2023,1,1
416,16,16,2023-01-18 07:00:00,1,100,100,2023,1,1
417,17,17,2023-01-18 08:00:00,2,200,400,2023,1,1
418,18,18,2023-01-18 09:00:00,3,150,450,2023,1,1
419,19,19,2023-01-18 10:00:00,1,300,300,2023,1,1
420,20,20,2023-01-18 11:00:00,2,250,500,2023,1,1
421,21,21,2023-01-18 12:00:00,1,100,100,2023,1,1
422,22,22,2023-01-18 13:00:00,2,200,400,2023,1,1
423,23,23,2023-01-18 14:00:00,3,150,450,2023,1,1
424,24,24,2023-01-18 15:00:00,1,300,300,2023,1,1
425,25,25,2023-01-18 16:00:00,2,250,500,2023,1,1
426,26,26,2023-01-18 17:00:00,1,100,100,2023,1,1
427,27,27,2023-01-18 18:00:00,2,200,400,2023,1,1
428,28,28,2023-01-18 19:00:00,3,150,450,2023,1,1
429,29,29,2023-01-18 20:00:00,1,300,300,2023,1,1
430,30,30,2023-01-18 21:00:00,2,250,500,2023,1,1
431,31,31,2023-01-18 22:00:00,1,100,100,2023,1,1
432,32,32,2023-01-18 23:00:00,2,200,400,2023,1,1
433,33,33,2023-01-19 00:00:00,3,150,450,2023,1,1
434,34,34,2023-01-19 01:00:00,1,300,300,2023,1,1
435,35,35,2023-01-19 02:00:00,2,250,500,2023,1,1
436,36,36,2023-01-19 03:00:00,1,100,100,2023,1,1
437,37,37,2023-01-19 04:00:00,2,200,400,2023,1,1
438,38,38,2023-01-19 05:00:00,3,150,450,2023,1,1
439,39,39,2023-01-19 06:00:00,1,300,300,2023,1,1
440,40,40,2023-01-19 07:00:00,2,250,500,2023,1,1
441,41,41,2023-01-19 08:00:00,1,100,100,2023,1,1
442,42,42,2023-01-19 09:00:00,2,200,400,2023,1,1
443,43,43,2023-01-19 10:00:00,3,150,450,2023,1,1
444,44,44,2023-01-19 11:00:00,1,300,300,2023,1,1
445,45,45,2023-01-19 12:00:00,2,250,500,2023,1,1
446,46,46,2023-01-19 13:00:00,1,100,100,2023,1,1
447,47,47,2023-01-19 14:00:00,2,200,400,2023,1,1
448,48,48,2023-01-19 15:00:00,3,150,450,2023,1,1
449,49,49,2023-01-19 16:00:00,1,300,300,2023,1,1
450,50,50,2023-01-19 17:00:00,2,250,500,2023,1,1
451,51,1,2023-01-19 18:00:00,1,100,100,2023,1,1
452,52,2,2023-01-19 19:00:00,2,200,400,2023,1,1
453,53,3,2023-01-19 20:00:00,3,150,450,2023,1,1
454,54,4,2023-01-19 21:00:00,1,300,300,2023,1,1
455,55,5,2023-01-19 22:00:00,2,250,500,2023,1,1
456,56,6,2023-01-19 23:00:00,1,100,100,2023,1,1
457,57,7,2023-01-20 00:00:00,2,200,400,2023,1,1
458,58,8,2023-01-20 01:00:00,3,150,450,2023,1,1
459,59,9,2023-01-20 02:00:00,1,300,300,2023,1,1
460,60,10,2023-01-20 03:00:00,2,250,500,2023,1,1
461,61,11,2023-01-20 04:00:00,1,100,100,2023,1,1
462,62,12,2023-01-20 05:00:00,2,200,400,2023,1,1
463,63,13,2023-01-20 06:00:00,3,150,450,2023,1,1
464,64,14,2023-01-20 07:00:00,1,300,300,2023,1,1
465,65,15,2023-01-20 08:00:00,2,250,500,2023,1,1
466,66,16,2023-01-20 09:00:00,1,100,100,2023,1,1
467,67,17,2023-01-20 10:00:00,2,200,400,2023,1,1
468,68,18,2023-01-20 11:00:00,3,150,450,2023,1,1
469,69,19,2023-01-20 12:00:00,1,300,300,2023,1,1
470,70,20,2023-01-20 13:00:00,2,250,500,2023,1,1
471,71,21,2023-01-20 14:00:00,1,100,100,2023,1,1
472,72,22,2023-01-20 15:00:00,2,200,400,2023,1,1
473,73,23,2023-01-20 16:00:00,3,150,450,2023,1,1
474,74,24,2023-01-20 17:00:00,1,300,300,2023,1,1
475,75,25,2023-01-20 18:00:00,2,250,500,2023,1,1
476,76,26,2023-01-20 19:00:00,1,100,100,2023,1,1
477,77,27,2023-01-20 20:00:00,2,200,400,2023,1,1
478,78,28,2023-01-20 21:00:00,3,150,450,2023,1,1
479,79,29,2023-01-20 22:00:00,1,300,300,2023,1,1
480,80,30,2023-01-20 23:00:00,2,250,500,2023,1,1
481,81,31,2023-01-21 00:00:00,1,100,100,2023,1,1
482,82,32,2023-01-21 01:00:00,2,200,400,2023,1,1
483,83,33,2023-01-21 02:00:00,3,150,450,2023,1,1
484,84,34,2023-01-21 03:00:00,1,300,300,2023,1,1
485,85,35,2023-01-21 04:00:00,2,250,500,2023,1,1
486,86,36,2023-01-21 05:00:00,1,100,100,2023,1,1
487,87,37,2023-01-21 06:00:00,2,200,400,2023,1,1
488,88,38,2023-01-21 07:00:00,3,150,450,2023,1,1
489,89,39,2023-01-21 08:00:00,1,300,300,2023,1,1
490,90,40,2023-01-21 09:00:00,2,250,500,2023,1,1
491,91,41,2023-01-21 10:00:00,1,100,100,2023,1,1
492,92,42,2023-01-21 11:00:00,2,200,400,2023,1,1
493,93,43,2023-01-21 12:00:00,3,150,450,2023,1,1
494,94,44,2023-01-21 13:00:00,1,300,300,2023,1,1
495,95,45,2023-01-21 14:00:00,2,250,500,2023,1,1
496,96,46,2023-01-21 15:00:00,1,100,100,2023,1,1
497,97,47,2023-01-21 16:00:00,2,200,400,2023,1,1
498,98,48,2023-01-21 17:00:00,3,150,450,2023,1,1
499,99,49,2023-01-21 18:00:00,1,300,300,2023,1,1
500,100,50,2023-01-21 19:00:00,2,250,500,2023,1,1
501,1,1,2023-01-21 20:00:00,1,100,100,2023,1,1
502,2,2,2023-01-21 21:00:00,2,200,400,2023,1,1
503,3,3,2023-01-21 22:00:00,3,150,450,2023,1,1
504,4,4,2023-01-21 23:00:00,1,300,300,2023,1,1
505,5,5,2023-01-22 00:00:00,2,250,500,2023,1,1
506,6,6,2023-01-22 01:00:00,1,100,100,2023,1,1
507,7,7,2023-01-22 02:00:00,2,200,400,2023,1,1
508,8,8,2023-01-22 03:00:00,3,150,450,2023,1,1
509,9,9,2023-01-22 04:00:00,1,300,300,2023,1,1
510,10,10,2023-01-22 05:00:00,2,250,500,2023,1,1
511,11,11,2023-01-22 06:00:00,1,100,100,2023,1,1
512,12,12,2023-01-22 07:00:00,2,200,400,2023,1,1
513,13,13,2023-01-22 08:00:00,3,150,450,2023,1,1
514,14,14,2023-01-22 09:00:00,1,300,300,2023,1,1
515,15,15,2023-01-22 10:00:00,2,250,500,2023,1,1
516,16,16,2023-01-22 11:00:00,1,100,100,2023,1,1
517,17,17,2023-01-22 12:00:00,2,200,400,2023,1,1
518,18,18,2023-01-22 13:00:00,3,150,450,2023,1,1
519,19,19,2023-01-22 14:00:00,1,300,300,2023,1,1
520,20,20,2023-01-22 15:00:00,2,250,500,2023,1,1
521,21,21,2023-01-22 16:00:00,1,100,100,2023,1,1
522,22,22,2023-01-22 17:00:00,2,200,400,2023,1,1
523,23,23,2023-01-22 18:00:00,3,150,450,2023,1,1
524,24,24,2023-01-22 19:00:00,1,300,300,2023,1,1
525,25,25,2023-01-22 20:00:00,2,250,500,2023,1,1
526,26,26,2023-01-22 21:00:00,1,100,100,2023,1,1
527,27,27,2023-01-22 22:00:00,2,200,400,2023,1,1
528,28,28,2023-01-22 23:00:00,3,150,450,2023,1,1
529,29,29,2023-01-23 00:00:00,1,300,300,2023,1,1
530,30,30,2023-01-23 01:00:00,2,250,500,2023,1,1
531,31,31,2023-01-23 02:00:00,1,100,100,2023,1,1
532,32,32,2023-01-23 03:00:00,2,200,400,2023,1,1
533,33,33,2023-01-23 04:00:00,3,150,450,2023,1,1
534,34,34,2023-01-23 05:00:00,1,300,300,2023,1,1
535,35,35,2023-01-23 06:00:00,2,250,500,2023,1,1
536,36,36,2023-01-23 07:00:00,1,100,100,2023,1,1
537,37,37,2023-01-23 08:00:00,2,200,400,2023,1,1
538,38,38,2023-01-23 09:00:00,3,150,450,2023,1,1
539,39,39,2023-01-23 10:00:00,1,300,300,2023,1,1
540,40,40,2023-01-23 11:00:00,2,250,500,2023,1,1
541,41,41,2023-01-23 12:00:00,1,100,100,2023,1,1
542,42,42,2023-01-23 13:00:00,2,200,400,2023,1,1
543,43,43,2023-01-23 14:00:00,3,150,450,2023,1,1
544,44,44,2023-01-23 15:00:00,1,300,300,2023,1,1
545,45,45,2023-01-23 16:00:00,2,250,500,2023,1,1
546,46,46,2023-01-23 17:00:00,1,100,100,2023,1,1
547,47,47,2023-01-23 18:00:00,2,200,400,2023,1,1
548,48,48,2023-01-23 19:00:00,3,150,450,2023,1,1
549,49,49,2023-01-23 20:00:00,1,300,300,2023,1,1
550,50,50,2023-01-23 21:00:00,2,250,500,2023,1,1
551,51,1,2023-01-23 22:00:00,1,100,100,2023,1,1
552,52,2,2023-01-23 23:00:00,2,200,400,2023,1,1
553,53,3,2023-01-24 00:00:00,3,150,450,2023,1,1
554,54,4,2023-01-24 01:00:00,1,300,300,2023,1,1
555,55,5,2023-01-24 02:00:00,2,250,500,2023,1,1
556,56,6,2023-01-24 03:00:00,1,100,100,2023,1,1
557,57,7,2023-01-24 04:00:00,2,200,400,2023,1,1
558,58,8,2023-01-24 05:00:00,3,150,450,2023,1,1
559,59,9,2023-01-24 06:00:00,1,300,300,2023,1,1
560,60,10,2023-01-24 07:00:00,2,250,500,2023,1,1
561,61,11,2023-01-24 08:00:00,1,100,100,2023,1,1
562,62,12,2023-01-24 09:00:00,2,200,400,2023,1,1
563,63,13,2023-01-24 10:00:00,3,150,450,2023,1,1
564,64,14,2023-01-24 11:00:00,1,300,300,2023,1,1
565,65,15,2023-01-24 12:00:00,2,250,500,2023,1,1
566,66,16,2023-01-24 13:00:00,1,100,100,2023,1,1
567,67,17,2023-01-24 14:00:00,2,200,400,2023,1,1
568,68,18,2023-01-24 15:00:00,3,150,450,2023,1,1
569,69,19,2023-01-24 16:00:00,1,300,300,2023,1,1
570,70,20,2023-01-24 17:00:00,2,250,500,2023,1,1
571,71,21,2023-01-24 18:00:00,1,100,100,2023,1,1
572,72,22,2023-01-24 19:00:00,2,200,400,2023,1,1
573,73,23,2023-01-24 20:00:00,3,150,450,2023,1,1
574,74,24,2023-01-24 21:00:00,1,300,300,2023,1,1
575,75,25,2023-01-24 22:00:00,2,250,500,2023,1,1
576,76,26,2023-01-24 23:00:00,1,100,100,2023,1,1
577,77,27,2023-01-25 00:00:00,2,200,400,2023,1,1
578,78,28,2023-01-25 01:00:00,3,150,450,2023,1,1
579,79,29,2023-01-25 02:00:00,1,300,300,2023,1,1
580,80,30,2023-01-25 03:00:00,2,250,500,2023,1,1
581,81,31,2023-01-25 04:00:00,1,100,100,2023,1,1
582,82,32,2023-01-25 05:00:00,2,200,400,2023,1,1
583,83,33,2023-01-25 06:00:00,3,150,450,2023,1,1
584,84,34,2023-01-25 07:00:00,1,300,300,2023,1,1
585,85,35,2023-01-25 08:00:00,2,250,500,2023,1,1
586,86,36,2023-01-25 09:00:00,1,100,100,2023,1,1
587,87,37,2023-01-25 10:00:00,2,200,400,2023,1,1
588,88,38,2023-01-25 11:00:00,3,150,450,2023,1,1
589,89,39,2023-01-25 12:00:00,1,300,300,2023,1,1
590,90,40,2023-01-25 13:00:00,2,250,500,2023,1,1
591,91,41,2023-01-25 14:00:00,1,100,100,2023,1,1
592,92,42,2023-01-25 15:00:00,2,200,400,2023,1,1
593,93,43,2023-01-25 16:00:00,3,150,450,2023,1,1
594,94,44,2023-01-25 17:00:00,1,300,300,2023,1,1
595,95,45,2023-01-25 18:00:00,2,250,500,2023,1,1
596,96,46,2023-01-25 19:00:00,1,100,100,2023,1,1
597,97,47,2023-01-25 20:00:00,2,200,400,2023,1,1
598,98,48,2023-01-25 21:00:00,3,150,450,2023,1,1
599,99,49,2023-01-25 22:00:00,1,300,300,2023,1,1
600,100,50,2023-01-25 23:00:00,2,250,500,2023,1,1
601,1,1,2023-01-26 00:00:00,1,100,100,2023,1,1
602,2,2,2023-01-26 01:00:00,2,200,400,2023,1,1
603,3,3,2023-01-26 02:00:00,3,150,450,2023,1,1
604,4,4,2023-01-26 03:00:00,1,300,300,2023,1,1
605,5,5,2023-01-26 04:00:00,2,250,500,2023,1,1
606,6,6,2023-01-26 05:00:00,1,100,100,2023,1,1
607,7,7,2023-01-26 06:00:00,2,200,400,2023,1,1
608,8,8,2023-01-26 07:00:00,3,150,450,2023,1,1
609,9,9,2023-01-26 08:00:00,1,300,300,2023,1,1
610,10,10,2023-01-26 09:00:00,2,250,500,2023,1,1
611,11,11,2023-01-26 10:00:00,1,100,100,2023,1,1
612,12,12,2023-01-26 11:00:00,2,200,400,2023,1,1
613,13,13,2023-01-26 12:00:00,3,150,450,2023,1,1
614,14,14,2023-01-26 13:00:00,1,300,300,2023,1,1
615,15,15,2023-01-26 14:00:00,2,250,500,2023,1,1
616,16,16,2023-01-26 15:00:00,1,100,100,2023,1,1
617,17,17,2023-01-26 16:00:00,2,200,400,2023,1,1
618,18,18,2023-01-26 17:00:00,3,150,450,2023,1,1
619,19,19,2023-01-26 18:00:00,1,300,300,2023,1,1
620,20,20,2023-01-26 19:00:00,2,250,500,2023,1,1
621,21,21,2023-01-26 20:00:00,1,100,100,2023,1,1
622,22,22,2023-01-26 21:00:00,2,200,400,2023,1,1
623,23,23,2023-01-26 22:00:00,3,150,450,2023,1,1
624,24,24,2023-01-26 23:00:00,1,300,300,2023,1,1
625,25,25,2023-01-27 00:00:00,2,250,500,2023,1,1
626,26,26,2023-01-27 01:00:00,1,100,100,2023,1,1
627,27,27,2023-01-27 02:00:00,2,200,400,2023,1,1
628,28,28,2023-01-27 03:00:00,3,150,450,2023,1,1
629,29,29,2023-01-27 04:00:00,1,300,300,2023,1,1
630,30,30,2023-01-27 05:00:00,2,250,500,2023,1,1
631,31,31,2023-01-27 06:00:00,1,100,100,2023,1,1
632,32,32,2023-01-27 07:00:00,2,200,400,2023,1,1
633,33,33,2023-01-27 08:00:00,3,150,450,2023,1,1
634,34,34,2023-01-27 09:00:00,1,300,300,2023,1,1
635,35,35,2023-01-27 10:00:00,2,250,500,2023,1,1
636,36,36,2023-01-27 11:00:00,1,100,100,2023,1,1
637,37,37,2023-01-27 12:00:00,2,200,400,2023,1,1
638,38,38,2023-01-27 13:00:00,3,150,450,2023,1,1
639,39,39,2023-01-27 14:00:00,1,300,300,2023,1,1
640,40,40,2023-01-27 15:00:00,2,250,500,2023,1,1
641,41,41,2023-01-27 16:00:00,1,100,100,2023,1,1
642,42,42,2023-01-27 17:00:00,2,200,400,2023,1,1
643,43,43,2023-01-27 18:00:00,3,150,450,2023,1,1
644,44,44,2023-01-27 19:00:00,1,300,300,2023,1,1
645,45,45,2023-01-27 20:00:00,2,250,500,2023,1,1
646,46,46,2023-01-27 21:00:00,1,100,100,2023,1,1
647,47,47,2023-01-27 22:00:00,2,200,400,2023,1,1
648,48,48,2023-01-27 23:00:00,3,150,450,2023,1,1
649,49,49,2023-01-28 00:00:00,1,300,300,2023,1,1
650,50,50,2023-01-28 01:00:00,2,250,500,2023,1,1
651,51,1,2023-01-28 02:00:00,1,100,100,2023,1,1
652,52,2,2023-01-28 03:00:00,2,200,400,2023,1,1
653,53,3,2023-01-28 04:00:00,3,150,450,2023,1,1
654,54,4,2023-01-28 05:00:00,1,300,300,2023,1,1
655,55,5,2023-01-28 06:00:00,2,250,500,2023,1,1
656,56,6,2023-01-28 07:00:00,1,100,100,2023,1,1
657,57,7,2023-01-28 08:00:00,2,200,400,2023,1,1
658,58,8,2023-01-28 09:00:00,3,150,450,2023,1,1
659,59,9,2023-01-28 10:00:00,1,300,300,2023,1,1
660,60,10,2023-01-28 11:00:00,2,250,500,2023,1,1
661,61,11,2023-01-28 12:00:00,1,100,100,2023,1,1
662,62,12,2023-01-28 13:00:00,2,200,400,2023,1,1
663,63,13,2023-01-28 14:00:00,3,150,450,2023,1,1
664,64,14,2023-01-28 15:00:00,1,300,300,2023,1,1
665,65,15,2023-01-28 16:00:00,2,250,500,2023,1,1
666,66,16,2023-01-28 17:00:00,1,100,100,2023,1,1
667,67,17,2023-01-28 18:00:00,2,200,400,2023,1,1
668,68,18,2023-01-28 19:00:00,3,150,450,2023,1,1
669,69,19,2023-01-28 20:00:00,1,300,300,2023,1,1
670,70,20,2023-01-28 21:00:00,2,250,500,2023,1,1
671,71,21,2023-01-28 22:00:00,1,100,100,2023,1,1
672,72,22,2023-01-28 23:00:00,2,200,400,2023,1,1
673,73,23,2023-01-29 00:00:00,3,150,450,2023,1,1
674,74,24,2023-01-29 01:00:00,1,300,300,2023,1,1
675,75,25,2023-01-29 02:00:00,2,250,500,2023,1,1
676,76,26,2023-01-29 03:00:00,1,100,100,2023,1,1
677,77,27,2023-01-29 04:00:00,2,200,400,2023,1,1
678,78,28,2023-01-29 05:00:00,3,150,450,2023,1,1
679,79,29,2023-01-29 06:00:00,1,300,300,2023,1,1
680,80,30,2023-01-29 07:00:00,2,250,500,2023,1,1
681,81,31,2023-01-29 08:00:00,1,100,100,2023,1,1
682,82,32,2023-01-29 09:00:00,2,200,400,2023,1,1
683,83,33,2023-01-29 10:00:00,3,150,450,2023,1,1
684,84,34,2023-01-29 11:00:00,1,300,300,2023,1,1
685,85,35,2023-01-29 12:00:00,2,250,500,2023,1,1
686,86,36,2023-01-29 13:00:00,1,100,100,2023,1,1
687,87,37,2023-01-29 14:00:00,2,200,400,2023,1,1
688,88,38,2023-01-29 15:00:00,3,150,450,2023,1,1
689,89,39,2023-01-29 16:00:00,1,300,300,2023,1,1
690,90,40,2023-01-29 17:00:00,2,250,500,2023,1,1
691,91,41,2023-01-29 18:00:00,1,100,100,2023,1,1
692,92,42,2023-01-29 19:00:00,2,200,400,2023,1,1
693,93,43,2023-01-29 20:00:00,3,150,450,2023,1,1
694,94,44,2023-01-29 21:00:00,1,300,300,2023,1,1
695,95,45,2023-01-29 22:00:00,2,250,500,2023,1,1
696,96,46,2023-01-29 23:00:00,1,100,100,2023,1,1
697,97,47,2023-01-30 00:00:00,2,200,400,2023,1,1
698,98,48,2023-01-30 01:00:00,3,150,450,2023,1,1
699,99,49,2023-01-30 02:00:00,1,300,300,2023,1,1
700,100,50,2023-01-30 03:00:00,2,250,500,2023,1,1
701,1,1,2023-01-30 04:00:00,1,100,100,2023,1,1
702,2,2,2023-01-30 05:00:00,2,200,400,2023,1,1
703,3,3,2023-01-30 06:00:00,3,150,450,2023,1,1
704,4,4,2023-01-30 07:00:00,1,300,300,2023,1,1
705,5,5,2023-01-30 08:00:00,2,250,500,2023,1,1
706,6,6,2023-01-30 09:00:00,1,100,100,2023,1,1
707,7,7,2023-01-30 10:00:00,2,200,400,2023,1,1
708,8,8,2023-01-30 11:00:00,3,150,450,2023,1,1
709,9,9,2023-01-30 12:00:00,1,300,300,2023,1,1
710,10,10,2023-01-30 13:00:00,2,250,500,2023,1,1
711,11,11,2023-01-30 14:00:00,1,100,100,2023,1,1
712,12,12,2023-01-30 15:00:00,2,200,400,2023,1,1
713,13,13,2023-01-30 16:00:00,3,150,450,2023,1,1
714,14,14,2023-01-30 17:00:00,1,300,300,2023,1,1
715,15,15,2023-01-30 18:00:00,2,250,500,2023,1,1
716,16,16,2023-01-30 19:00:00,1,100,100,2023,1,1
717,17,17,2023-01-30 20:00:00,2,200,400,2023,1,1
718,18,18,2023-01-30 21:00:00,3,150,450,2023,1,1
719,19,19,2023-01-30 22:00:00,1,300,300,2023,1,1
720,20,20,2023-01-30 23:00:00,2,250,500,2023,1,1
721,21,21,2023-01-31 00:00:00,1,100,100,2023,1,1
722,22,22,2023-01-31 01:00:00,2,200,400,2023,1,1
723,23,23,2023-01-31 02:00:00,3,150,450,2023,1,1
724,24,24,2023-01-31 03:00:00,1,300,300,2023,1,1
725,25,25,2023-01-31 04:00:00,2,250,500,2023,1,1
726,26,26,2023-01-31 05:00:00,1,100,100,2023,1,1
727,27,27,2023-01-31 06:00:00,2,200,400,2023,1,1
728,28,28,2023-01-31 07:00:00,3,150,450,2023,1,1
729,29,29,2023-01-31 08:00:00,1,300,300,2023,1,1
730,30,30,2023-01-31 09:00:00,2,250,500,2023,1,1
731,31,31,2023-01-31 10:00:00,1,100,100,2023,1,1
732,32,32,2023-01-31 11:00:00,2,200,400,2023,1,1
733,33,33,2023-01-31 12:00:00,3,150,450,2023,1,1
734,34,34,2023-01-31 13:00:00,1,300,300,2023,1,1
735,35,35,2023-01-31 14:00:00,2,250,500,2023,1,1
736,36,36,2023-01-31 15:00:00,1,100,100,2023,1,1
737,37,37,2023-01-31 16:00:00,2,200,400,2023,1,1
738,38,38,2023-01-31 17:00:00,3,150,450,2023,1,1
739,39,39,2023-01-31 18:00:00,1,300,300,2023,1,1
740,40,40,2023-01-31 19:00:00,2,250,500,2023,1,1
741,41,41,2023-01-31 20:00:00,1,100,100,2023,1,1
742,42,42,2023-01-31 21:00:00,2,200,400,2023,1,1
743,43,43,2023-01-31 22:00:00,3,150,450,2023,1,1
744,44,44,2023-01-31 23:00:00,1,300,300,2023,1,1
745,45,45,2023-02-01 00:00:00,2,250,500,2023,2,1
746,46,46,2023-02-01 01:00:00,1,100,100,2023,2,1
747,47,47,2023-02-01 02:00:00,2,200,400,2023,2,1
748,48,48,2023-02-01 03:00:00,3,150,450,2023,2,1
749,49,49,2023-02-01 04:00:00,1,300,300,2023,2,1
750,50,50,2023-02-01 05:00:00,2,250,500,2023,2,1
751,51,1,2023-02-01 06:00:00,1,100,100,2023,2,1
752,52,2,2023-02-01 07:00:00,2,200,400,2023,2,1
753,53,3,2023-02-01 08:00:00,3,150,450,2023,2,1
754,54,4,2023-02-01 09:00:00,1,300,300,2023,2,1
755,55,5,2023-02-01 10:00:00,2,250,500,2023,2,1
756,56,6,2023-02-01 11:00:00,1,100,100,2023,2,1
757,57,7,2023-02-01 12:00:00,2,200,400,2023,2,1
758,58,8,2023-02-01 13:00:00,3,150,450,2023,2,1
759,59,9,2023-02-01 14:00:00,1,300,300,2023,2,1
760,60,10,2023-02-01 15:00:00,2,250,500,2023,2,1
761,61,11,2023-02-01 16:00:00,1,100,100,2023,2,1
762,62,12,2023-02-01 17:00:00,2,200,400,2023,2,1
763,63,13,2023-02-01 18:00:00,3,150,450,2023,2,1
764,64,14,2023-02-01 19:00:00,1,300,300,2023,2,1
765,65,15,2023-02-01 20:00:00,2,250,500,2023,2,1
766,66,16,2023-02-01 21:00:00,1,100,100,2023,2,1
767,67,17,2023-02-01 22:00:00,2,200,400,2023,2,1
768,68,18,2023-02-01 23:00:00,3,150,450,2023,2,1
769,69,19,2023-02-02 00:00:00,1,300,300,2023,2,1
770,70,20,2023-02-02 01:00:00,2,250,500,2023,2,1
771,71,21,2023-02-02 02:00:00,1,100,100,2023,2,1
772,72,22,2023-02-02 03:00:00,2,200,400,2023,2,1
773,73,23,2023-02-02 04:00:00,3,150,450,2023,2,1
774,74,24,2023-02-02 05:00:00,1,300,300,2023,2,1
775,75,25,2023-02-02 06:00:00,2,250,500,2023,2,1
776,76,26,2023-02-02 07:00:00,1,100,100,2023,2,1
777,77,27,2023-02-02 08:00:00,2,200,400,2023,2,1
778,78,28,2023-02-02 09:00:00,3,150,450,2023,2,1
779,79,29,2023-02-02 10:00:00,1,300,300,2023,2,1
780,80,30,2023-02-02 11:00:00,2,250,500,2023,2,1
781,81,31,2023-02-02 12:00:00,1,100,100,2023,2,1
782,82,32,2023-02-02 13:00:00,2,200,400,2023,2,1
783,83,33,2023-02-02 14:00:00,3,150,450,2023,2,1
784,84,34,2023-02-02 15:00:00,1,300,300,2023,2,1
785,85,35,2023-02-02 16:00:00,2,250,500,2023,2,1
786,86,36,2023-02-02 17:00:00,1,100,100,2023,2,1
787,87,37,2023-02-02 18:00:00,2,200,400,2023,2,1
788,88,38,2023-02-02 19:00:00,3,150,450,2023,2,1
789,89,39,2023-02-02 20:00:00,1,300,300,2023,2,1
790,90,40,2023-02-02 21:00:00,2,250,500,2023,2,1
791,91,41,2023-02-02 22:00:00,1,100,100,2023,2,1
792,92,42,2023-02-02 23:00:00,2,200,400,2023,2,1
793,93,43,2023-02-03 00:00:00,3,150,450,2023,2,1
794,94,44,2023-02-03 01:00:00,1,300,300,2023,2,1
795,95,45,2023-02-03 02:00:00,2,250,500,2023,2,1
796,96,46,2023-02-03 03:00:00,1,100,100,2023,2,1
797,97,47,2023-02-03 04:00:00,2,200,400,2023,2,1
798,98,48,2023-02-03 05:00:00,3,150,450,2023,2,1
799,99,49,2023-02-03 06:00:00,1,300,300,2023,2,1
800,100,50,2023-02-03 07:00:00,2,250,500,2023,2,1
801,1,1,2023-02-03 08:00:00,1,100,100,2023,2,1
802,2,2,2023-02-03 09:00:00,2,200,400,2023,2,1
803,3,3,2023-02-03 10:00:00,3,150,450,2023,2,1
804,4,4,2023-02-03 11:00:00,1,300,300,2023,2,1
805,5,5,2023-02-03 12:00:00,2,250,500,2023,2,1
806,6,6,2023-02-03 13:00:00,1,100,100,2023,2,1
807,7,7,2023-02-03 14:00:00,2,200,400,2023,2,1
808,8,8,2023-02-03 15:00:00,3,150,450,2023,2,1
809,9,9,2023-02-03 16:00:00,1,300,300,2023,2,1
810,10,10,2023-02-03 17:00:00,2,250,500,2023,2,1
811,11,11,2023-02-03 18:00:00,1,100,100,2023,2,1
812,12,12,2023-02-03 19:00:00,2,200,400,2023,2,1
813,13,13,2023-02-03 20:00:00,3,150,450,2023,2,1
814,14,14,2023-02-03 21:00:00,1,300,300,2023,2,1
815,15,15,2023-02-03 22:00:00,2,250,500,2023,2,1
816,16,16,2023-02-03 23:00:00,1,100,100,2023,2,1
817,17,17,2023-02-04 00:00:00,2,200,400,2023,2,1
818,18,18,2023-02-04 01:00:00,3,150,450,2023,2,1
819,19,19,2023-02-04 02:00:00,1,300,300,2023,2,1
820,20,20,2023-02-04 03:00:00,2,250,500,2023,2,1
821,21,21,2023-02-04 04:00:00,1,100,100,2023,2,1
822,22,22,2023-02-04 05:00:00,2,200,400,2023,2,1
823,23,23,2023-02-04 06:00:00,3,150,450,2023,2,1
824,24,24,2023-02-04 07:00:00,1,300,300,2023,2,1
825,25,25,2023-02-04 08:00:00,2,250,500,2023,2,1
826,26,26,2023-02-04 09:00:00,1,100,100,2023,2,1
827,27,27,2023-02-04 10:00:00,2,200,400,2023,2,1
828,28,28,2023-02-04 11:00:00,3,150,450,2023,2,1
829,29,29,2023-02-04 12:00:00,1,300,300,2023,2,1
830,30,30,2023-02-04 13:00:00,2,250,500,2023,2,1
831,31,31,2023-02-04 14:00:00,1,100,100,2023,2,1
832,32,32,2023-02-04 15:00:00,2,200,400,2023,2,1
833,33,33,2023-02-04 16:00:00,3,150,450,2023,2,1
834,34,34,2023-02-04 17:00:00,1,300,300,2023,2,1
835,35,35,2023-02-04 18:00:00,2,250,500,2023,2,1
836,36,36,2023-02-04 19:00:00,1,100,100,2023,2,1
837,37,37,2023-02-04 20:00:00,2,200,400,2023,2,1
838,38,38,2023-02-04 21:00:00,3,150,450,2023,2,1
839,39,39,2023-02-04 22:00:00,1,300,300,2023,2,1
840,40,40,2023-02-04 23:00:00,2,250,500,2023,2,1
841,41,41,2023-02-05 00:00:00,1,100,100,2023,2,1
842,42,42,2023-02-05 01:00:00,2,200,400,2023,2,1
843,43,43,2023-02-05 02:00:00,3,150,450,2023,2,1
844,44,44,2023-02-05 03:00:00,1,300,300,2023,2,1
845,45,45,2023-02-05 04:00:00,2,250,500,2023,2,1
846,46,46,2023-02-05 05:00:00,1,100,100,2023,2,1
847,47,47,2023-02-05 06:00:00,2,200,400,2023,2,1
848,48,48,2023-02-05 07:00:00,3,150,450,2023,2,1
849,49,49,2023-02-05 08:00:00,1,300,300,2023,2,1
850,50,50,2023-02-05 09:00:00,2,250,500,2023,2,1
851,51,1,2023-02-05 10:00:00,1,100,100,2023,2,1
852,52,2,2023-02-05 11:00:00,2,200,400,2023,2,1
853,53,3,2023-02-05 12:00:00,3,150,450,2023,2,1
854,54,4,2023-02-05 13:00:00,1,300,300,2023,2,1
855,55,5,2023-02-05 14:00:00,2,250,500,2023,2,1
856,56,6,2023-02-05 15:00:00,1,100,100,2023,2,1
857,57,7,2023-02-05 16:00:00,2,200,400,2023,2,1
858,58,8,2023-02-05 17:00:00,3,150,450,2023,2,1
859,59,9,2023-02-05 18:00:00,1,300,300,2023,2,1
860,60,10,2023-02-05 19:00:00,2,250,500,2023,2,1
861,61,11,2023-02-05 20:00:00,1,100,100,2023,2,1
862,62,12,2023-02-05 21:00:00,2,200,400,2023,2,1
863,63,13,2023-02-05 22:00:00,3,150,450,2023,2,1
864,64,14,2023-02-05 23:00:00,1,300,300,2023,2,1
865,65,15,2023-02-06 00:00:00,2,250,500,2023,2,1
866,66,16,2023-02-06 01:00:00,1,100,100,2023,2,1
867,67,17,2023-02-06 02:00:00,2,200,400,2023,2,1
868,68,18,2023-02-06 03:00:00,3,150,450,2023,2,1
869,69,19,2023-02-06 04:00:00,1,300,300,2023,2,1
870,70,20,2023-02-06 05:00:00,2,250,500,2023,2,1
871,71,21,2023-02-06 06:00:00,1,100,100,2023,2,1
872,72,22,2023-02-06 07:00:00,2,200,400,2023,2,1
873,73,23,2023-02-06 08:00:00,3,150,450,2023,2,1
874,74,24,2023-02-06 09:00:00,1,300,300,2023,2,1
875,75,25,2023-02-06 10:00:00,2,250,500,2023,2,1
876,76,26,2023-02-06 11:00:00,1,100,100,2023,2,1
877,77,27,2023-02-06 12:00:00,2,200,400,2023,2,1
878,78,28,2023-02-06 13:00:00,3,150,450,2023,2,1
879,79,29,2023-02-06 14:00:00,1,300,300,2023,2,1
880,80,30,2023-02-06 15:00:00,2,250,500,2023,2,1
881,81,31,2023-02-06 16:00:00,1,100,100,2023,2,1
882,82,32,2023-02-06 17:00:00,2,200,400,2023,2,1
883,83,33,2023-02-06 18:00:00,3,150,450,2023,2,1
884,84,34,2023-02-06 19:00:00,1,300,300,2023,2,1
885,85,35,2023-02-06 20:00:00,2,250,500,2023,2,1
886,86,36,2023-02-06 21:00:00,1,100,100,2023,2,1
887,87,37,2023-02-06 22:00:00,2,200,400,2023,2,1
888,88,38,2023-02-06 23:00:00,3,150,450,2023,2,1
889,89,39,2023-02-07 00:00:00,1,300,300,2023,2,1
890,90,40,2023-02-07 01:00:00,2,250,500,2023,2,1
891,91,41,2023-02-07 02:00:00,1,100,100,2023,2,1
892,92,42,2023-02-07 03:00:00,2,200,400,2023,2,1
893,93,43,2023-02-07 04:00:00,3,150,450,2023,2,1
894,94,44,2023-02-07 05:00:00,1,300,300,2023,2,1
895,95,45,2023-02-07 06:00:00,2,250,500,2023,2,1
896,96,46,2023-02-07 07:00:00,1,100,100,2023,2,1
897,97,47,2023-02-07 08:00:00,2,200,400,2023,2,1
898,98,48,2023-02-07 09:00:00,3,150,450,2023,2,1
899,99,49,2023-02-07 10:00:00,1,300,300,2023,2,1
900,100,50,2023-02-07 11:00:00,2,250,500,2023,2,1
901,1,1,2023-02-07 12:00:00,1,100,100,2023,2,1
902,2,2,2023-02-07 13:00:00,2,200,400,2023,2,1
903,3,3,2023-02-07 14:00:00,3,150,450,2023,2,1
904,4,4,2023-02-07 15:00:00,1,300,300,2023,2,1
905,5,5,2023-02-07 16:00:00,2,250,500,2023,2,1
906,6,6,2023-02-07 17:00:00,1,100,100,2023,2,1
907,7,7,2023-02-07 18:00:00,2,200,400,2023,2,1
908,8,8,2023-02-07 19:00:00,3,150,450,2023,2,1
909,9,9,2023-02-07 20:00:00,1,300,300,2023,2,1
910,10,10,2023-02-07 21:00:00,2,250,500,2023,2,1
911,11,11,2023-02-07 22:00:00,1,100,100,2023,2,1
912,12,12,2023-02-07 23:00:00,2,200,400,2023,2,1
913,13,13,2023-02-08 00:00:00,3,150,450,2023,2,1
914,14,14,2023-02-08 01:00:00,1,300,300,2023,2,1
915,15,15,2023-02-08 02:00:00,2,250,500,2023,2,1
916,16,16,2023-02-08 03:00:00,1,100,100,2023,2,1
917,17,17,2023-02-08 04:00:00,2,200,400,2023,2,1
918,18,18,2023-02-08 05:00:00,3,150,450,2023,2,1
919,19,19,2023-02-08 06:00:00,1,300,300,2023,2,1
920,20,20,2023-02-08 07:00:00,2,250,500,2023,2,1
921,21,21,2023-02-08 08:00:00,1,100,100,2023,2,1
922,22,22,2023-02-08 09:00:00,2,200,400,2023,2,1
923,23,23,2023-02-08 10:00:00,3,150,450,2023,2,1
924,24,24,2023-02-08 11:00:00,1,300,300,2023,2,1
925,25,25,2023-02-08 12:00:00,2,250,500,2023,2,1
926,26,26,2023-02-08 13:00:00,1,100,100,2023,2,1
927,27,27,2023-02-08 14:00:00,2,200,400,2023,2,1
928,28,28,2023-02-08 15:00:00,3,150,450,2023,2,1
929,29,29,2023-02-08 16:00:00,1,300,300,2023,2,1
930,30,30,2023-02-08 17:00:00,2,250,500,2023,2,1
931,31,31,2023-02-08 18:00:00,1,100,100,2023,2,1
932,32,32,2023-02-08 19:00:00,2,200,400,2023,2,1
933,33,33,2023-02-08 20:00:00,3,150,450,2023,2,1
934,34,34,2023-02-08 21:00:00,1,300,300,2023,2,1
935,35,35,2023-02-08 22:00:00,2,250,500,2023,2,1
936,36,36,2023-02-08 23:00:00,1,100,100,2023,2,1
937,37,37,2023-02-09 00:00:00,2,200,400,2023,2,1
938,38,38,2023-02-09 01:00:00,3,150,450,2023,2,1
939,39,39,2023-02-09 02:00:00,1,300,300,2023,2,1
940,40,40,2023-02-09 03:00:00,2,250,500,2023,2,1
941,41,41,2023-02-09 04:00:00,1,100,100,2023,2,1
942,42,42,2023-02-09 05:00:00,2,200,400,2023,2,1
943,43,43,2023-02-09 06:00:00,3,150,450,2023,2,1
944,44,44,2023-02-09 07:00:00,1,300,300,2023,2,1
945,45,45,2023-02-09 08:00:00,2,250,500,2023,2,1
946,46,46,2023-02-09 09:00:00,1,100,100,2023,2,1
947,47,47,2023-02-09 10:00:00,2,200,400,2023,2,1
948,48,48,2023-02-09 11:00:00,3,150,450,2023,2,1
949,49,49,2023-02-09 12:00:00,1,300,300,2023,2,1
950,50,50,2023-02-09 13:00:00,2,250,500,2023,2,1
951,51,1,2023-02-09 14:00:00,1,100,100,2023,2,1
952,52,2,2023-02-09 15:00:00,2,200,400,2023,2,1
953,53,3,2023-02-09 16:00:00,3,150,450,2023,2,1
954,54,4,2023-02-09 17:00:00,1,300,300,2023,2,1
955,55,5,2023-02-09 18:00:00,2,250,500,2023,2,1
956,56,6,2023-02-09 19:00:00,1,100,100,2023,2,1
957,57,7,2023-02-09 20:00:00,2,200,400,2023,2,1
958,58,8,2023-02-09 21:00:00,3,150,450,2023,2,1
959,59,9,2023-02-09 22:00:00,1,300,300,2023,2,1
960,60,10,2023-02-09 23:00:00,2,250,500,2023,2,1
961,61,11,2023-02-10 00:00:00,1,100,100,2023,2,1
962,62,12,2023-02-10 01:00:00,2,200,400,2023,2,1
963,63,13,2023-02-10 02:00:00,3,150,450,2023,2,1
964,64,14,2023-02-10 03:00:00,1,300,300,2023,2,1
965,65,15,2023-02-10 04:00:00,2,250,500,2023,2,1
966,66,16,2023-02-10 05:00:00,1,100,100,2023,2,1
967,67,17,2023-02-10 06:00:00,2,200,400,2023,2,1
968,68,18,2023-02-10 07:00:00,3,150,450,2023,2,1
969,69,19,2023-02-10 08:00:00,1,300,300,2023,2,1
970,70,20,2023-02-10 09:00:00,2,250,500,2023,2,1
971,71,21,2023-02-10 10:00:00,1,100,100,2023,2,1
972,72,22,2023-02-10 11:00:00,2,200,400,2023,2,1
973,73,23,2023-02-10 12:00:00,3,150,450,2023,2,1
974,74,24,2023-02-10 13:00:00,1,300,300,2023,2,1
975,75,25,2023-02-10 14:00:00,2,250,500,2023,2,1
976,76,26,2023-02-10 15:00:00,1,100,100,2023,2,1
977,77,27,2023-02-10 16:00:00,2,200,400,2023,2,1
978,78,28,2023-02-10 17:00:00,3,150,450,2023,2,1
979,79,29,2023-02-10 18:00:00,1,300,300,2023,2,1
980,80,30,2023-02-10 19:00:00,2,250,500,2023,2,1
981,81,31,2023-02-10 20:00:00,1,100,100,2023,2,1
982,82,32,2023-02-10 21:00:00,2,200,400,2023,2,1
983,83,33,2023-02-10 22:00:00,3,150,450,2023,2,1
984,84,34,2023-02-10 23:00:00,1,300,300,2023,2,1
985,85,35,2023-02-11 00:00:00,2,250,500,2023,2,1
986,86,36,2023-02-11 01:00:00,1,100,100,2023,2,1
987,87,37,2023-02-11 02:00:00,2,200,400,2023,2,1
988,88,38,2023-02-11 03:00:00,3,150,450,2023,2,1
989,89,39,2023-02-11 04:00:00,1,300,300,2023,2,1
990,90,40,2023-02-11 05:00:00,2,250,500,2023,2,1
991,91,41,2023-02-11 06:00:00,1,100,100,2023,2,1
992,92,42,2023-02-11 07:00:00,2,200,400,2023,2,1
993,93,43,2023-02-11 08:00:00,3,150,450,2023,2,1
994,94,44,2023-02-11 09:00:00,1,300,300,2023,2,1
995,95,45,2023-02-11 10:00:00,2,250,500,2023,2,1
996,96,46,2023-02-11 11:00:00,1,100,100,2023,2,1
997,97,47,2023-02-11 12:00:00,2,200,400,2023,2,1
998,98,48,2023-02-11 13:00:00,3,150,450,2023,2,1
999,99,49,2023-02-11 14:00:00,1,300,300,2023,2,1
1000,100,50,2023-02-11 15:00:00,2,250,500,2023,2,1
